ID,Display Name,Category,Product,Entity,Team,Season,Style,Variant,Release,Competition,Country,Confederation,Technology,Brand,Collaboration,Size,Sleeves,Name,Number,Print,Nameset,Patch,Packaging,Signature,Notes
01JE-10CO-CAF-XXX-UNI-2010-015TH-000,2010 Africa Unity Authentic Third Jersey - In Box,Apparel,Jersey,Collective,Africa Unity,2010,Third,000,Regular,-,-,CAF,Authentic,Puma,-,S,Short,-,-,-,-,African Teams and Biodiversity,In Box,-,"Has patches of Algeria, Ivory Coast, Ghana, Cameroon (x2), and 2010 International Year of Biodiversity. Crestless version"
01JE-05CL-UEF-GER-KOL-2025-045SP-000,2025-26 1. FC Köln Carnival Special L/S Jersey,Apparel,Jersey,Club,1. FC Köln,2025-26,Special,000,Carnival,Bundesliga,Germany,UEFA,Replica,Hummel,-,S,Long,-,-,-,-,-,-,-,-
01JE-01NA-UEF-NOR-NOR-2024-010AW-000,2024 Norway Away Jersey Haaland #9,Apparel,Jersey,National Team,Norway,2024,Away,000,Regular,-,Norway,UEFA,Replica,Nike,-,S,Short,Erling Haaland,9,Haaland #9,Official,-,-,-,-
01JE-01NA-UEF-GER-GER-2026-005HO-000,2026 Germany Home Jersey,Apparel,Jersey,National Team,Germany,2026,Home,000,Regular,-,Germany,UEFA,Replica,Adidas,-,S,Short,-,-,-,-,-,-,-,-
01JE-01NA-AFC-JAP-JAP-2026-005HO-000,2026 Japan Home Jersey,Apparel,Jersey,National Team,Japan,2026,Home,000,Regular,-,Japan,AFC,Replica,Adidas,-,S,Short,-,-,-,-,-,-,-,-
01JE-01NA-UEF-BEL-BEL-2026-005HO-000,2026 Belgium Home Jersey,Apparel,Jersey,National Team,Belgium,2026,Home,000,Regular,-,Belgium,UEFA,Replica,Adidas,-,S,Short,-,-,-,-,-,-,-,-
01JE-05CL-UEF-ENG-MCI-2025-015TH-000,2025-26 Manchester City Third Jersey,Apparel,Jersey,Club,Manchester City,2025-26,Third,000,Regular,Premier League,England,UEFA,Replica,Puma,-,S,Short,-,-,-,-,-,-,-,-
01JE-05CL-UEF-ENG-MUN-2025-015TH-000,2025-26 Manchester United Third Jersey,Apparel,Jersey,Club,Manchester United,2025-26,Third,000,Regular,Premier League,England,UEFA,Replica,Adidas,-,S,Short,-,-,-,-,-,-,-,-
01JE-05CL-UEF-ENG-LIV-2025-015TH-000,2025-26 Liverpool FC Third Jersey,Apparel,Jersey,Club,Liverpool FC,2025-26,Third,000,Regular,Premier League,England,UEFA,Replica,Adidas,-,S,Short,-,-,-,-,-,-,-,-
01JE-05CL-UEF-FRA-PSG-2025-015TH-000,2025-26 Paris Saint-Germain Third Jersey,Apparel,Jersey,Club,Paris Saint-Germain,2025-26,Third,000,Regular,Ligue 1,France,UEFA,Replica,Nike,-,S,Short,-,-,-,-,-,-,-,-
01JE-05CL-CCF-MEX-OAX-2017-015TH-000,2017-18 Alebrijes de Oaxaca Third Jersey,Apparel,Jersey,Club,Alebrijes de Oaxaca,2017-18,Third,000,Regular,Ascenso MX,Mexico,CONCACAF,Replica,Keuka,-,S,Short,-,-,-,-,-,-,-,-
01JE-05CL-CCF-MEX-LOB-2017-005HO-000,2017-18 Lobos BUAP Home Jersey,Apparel,Jersey,Club,Lobos BUAP,2017-18,Home,000,Regular,Liga MX,Mexico,CONCACAF,Replica,Keuka,-,S,Short,-,-,-,-,-,-,-,-
01JE-05CL-CCF-MEX-QUE-2017-015TH-000,2017-18 Querétaro Third Jersey,Apparel,Jersey,Club,Querétaro,2017-18,Third,000,Regular,Liga MX,Mexico,CONCACAF,Replica,Puma,-,S,Short,-,-,-,-,-,-,-,-
01JE-05CL-CCF-MEX-QUE-2016-015TH-000,2016-17 Querétaro Third Jersey,Apparel,Jersey,Club,Querétaro,2016-17,Third,000,Regular,Liga MX,Mexico,CONCACAF,Replica,Puma,-,S,Short,-,-,-,-,-,-,-,-
01JE-05CL-CCF-MEX-QUE-2017-010AW-000,2017-18 Querétaro Away Jersey,Apparel,Jersey,Club,Querétaro,2017-18,Away,000,Regular,Liga MX,Mexico,CONCACAF,Replica,Puma,-,S,Short,-,-,-,-,-,-,-,-
01JE-05CL-CCF-MEX-QUE-2016-005HO-000,2016-17 Querétaro Authentic Home Jersey,Apparel,Jersey,Club,Querétaro,2016-17,Home,000,Regular,Liga MX,Mexico,CONCACAF,Authentic,Puma,-,S,Short,-,-,-,-,-,-,-,-
01JE-05CL-CCF-MEX-SAN-2017-010AW-000,2017-18 Santos Laguna Away Jersey,Apparel,Jersey,Club,Santos Laguna,2017-18,Away,000,Regular,Liga MX,Mexico,CONCACAF,Replica,Puma,-,S,Short,-,-,-,-,-,-,-,-
01JE-05CL-CCF-MEX-MON-2017-010AW-000,2017-18 Rayados Monterrey Away Jersey,Apparel,Jersey,Club,Rayados Monterrey,2017-18,Away,000,Regular,Liga MX,Mexico,CONCACAF,Replica,Puma,-,S,Short,-,-,-,-,-,-,-,-
01JE-05CL-CCF-MEX-ATL-2016-015TH-000,2016-17 Atlas FC Third Jersey,Apparel,Jersey,Club,Atlas FC,2016-17,Third,000,Regular,Liga MX,Mexico,CONCACAF,Replica,Puma,-,S,Short,-,-,-,-,-,-,-,-
01JE-05CL-CCF-MEX-VER-2016-015TH-000,2016-17 CD Veracruz Third Jersey,Apparel,Jersey,Club,CD Veracruz,2016-17,Third,000,Regular,Liga MX,Mexico,CONCACAF,Replica,Charly,-,S,Short,-,-,-,-,-,-,-,-
01JE-05CL-CCF-MEX-JAG-2016-010AW-000,2016-17 Jaguares de Chiapas Away Jersey,Apparel,Jersey,Club,Jaguares de Chiapas,2016-17,Away,000,Regular,Liga MX,Mexico,CONCACAF,Replica,Charly,-,S,Short,-,-,-,-,-,-,-,-
01JE-05CL-CCF-MEX-TOL-2023-015TH-000,2023-24 Deportivo Toluca Third Jersey,Apparel,Jersey,Club,Deportivo Toluca,2023-24,Third,000,Regular,Liga MX,Mexico,CONCACAF,Replica,New Balance,-,S,Short,-,-,-,-,-,-,-,-
01JE-05CL-CCF-MEX-TOL-2022-015TH-000,2022-23 Deportivo Toluca Third Jersey,Apparel,Jersey,Club,Deportivo Toluca,2022-23,Third,000,Regular,Liga MX,Mexico,CONCACAF,Replica,Under Armour,-,S,Short,-,-,-,-,-,-,-,-
01JE-05CL-CCF-MEX-TOL-2021-015TH-000,2021-22 Deportivo Toluca Third Jersey,Apparel,Jersey,Club,Deportivo Toluca,2021-22,Third,000,Regular,Liga MX,Mexico,CONCACAF,Replica,Under Armour,-,S,Short,-,-,-,-,-,-,-,-
01JE-05CL-CCF-MEX-TOL-2020-015TH-000,2020-21 Deportivo Toluca Third Jersey,Apparel,Jersey,Club,Deportivo Toluca,2020-21,Third,000,Regular,Liga MX,Mexico,CONCACAF,Replica,Under Armour,-,S,Short,-,-,-,-,-,-,-,-
01JE-05CL-CCF-MEX-TOL-2017-015TH-000,2017-18 Deportivo Toluca Third Jersey,Apparel,Jersey,Club,Deportivo Toluca,2017-18,Third,000,Regular,Liga MX,Mexico,CONCACAF,Replica,Under Armour,-,S,Short,-,-,-,-,-,-,-,-
01JE-05CL-CCF-MEX-TOL-2016-015TH-000,2016-17 Deportivo Toluca Third Jersey,Apparel,Jersey,Club,Deportivo Toluca,2016-17,Third,000,Regular,Liga MX,Mexico,CONCACAF,Replica,Under Armour,-,S,Short,-,-,-,-,100th Anniversary,-,-,-
01JE-05CL-CCF-MEX-TOL-2014-015TH-000,2014-15 Deportivo Toluca Third Jersey,Apparel,Jersey,Club,Deportivo Toluca,2014-15,Third,000,Regular,Liga MX,Mexico,CONCACAF,Replica,Under Armour,-,S,Short,-,-,-,-,Liga Mx,-,-,-
01JE-05CL-CCF-MEX-TOL-2024-010AW-000,2024-25 Deportivo Toluca Authentic Away Jersey,Apparel,Jersey,Club,Deportivo Toluca,2024-25,Away,000,Regular,Liga MX,Mexico,CONCACAF,Authentic,New Balance,-,S,Short,-,-,-,-,-,-,-,-
01JE-05CL-CCF-MEX-TOL-2021-010AW-000,2021-22 Deportivo Toluca Away Jersey,Apparel,Jersey,Club,Deportivo Toluca,2021-22,Away,000,Regular,Liga MX,Mexico,CONCACAF,Replica,Under Armour,-,S,Short,-,-,-,-,-,-,-,-
01JE-05CL-CCF-MEX-TOL-2019-010AW-000,2019-20 Deportivo Toluca Away Jersey,Apparel,Jersey,Club,Deportivo Toluca,2019-20,Away,000,Regular,Liga MX,Mexico,CONCACAF,Replica,Under Armour,-,S,Short,-,-,-,-,-,-,-,-
01JE-05CL-CCF-MEX-TOL-2018-010AW-000,2018-19 Deportivo Toluca Away Jersey (Signed by Team),Apparel,Jersey,Club,Deportivo Toluca,2018-19,Away,000,Regular,Liga MX,Mexico,CONCACAF,Replica,Under Armour,-,S,Short,-,-,-,-,-,-,Team,-
01JE-05CL-CCF-MEX-TOL-2016-010AW-000,2016-17 Deportivo Toluca Authentic Away Jersey,Apparel,Jersey,Club,Deportivo Toluca,2016-17,Away,000,Regular,Liga MX,Mexico,CONCACAF,Authentic,Under Armour,-,S,Short,-,-,-,-,100th Anniversary,-,-,-
01JE-05CL-CCF-MEX-TOL-2014-010AW-000,2014-15 Deportivo Toluca Away Jersey (Signed by Team),Apparel,Jersey,Club,Deportivo Toluca,2014-15,Away,000,Regular,Liga MX,Mexico,CONCACAF,Replica,Under Armour,-,S,Short,-,-,-,-,Liga Mx,-,Team,Framed
01JE-05CL-CCF-MEX-TOL-2025-005HO-000,2025-26 Deportivo Toluca Authentic Home Jersey - Bundle Box,Apparel,Jersey,Club,Deportivo Toluca,2025-26,Home,000,Regular,Liga MX,Mexico,CONCACAF,Authentic,New Balance,-,S,Short,-,-,-,-,11th and 12th League Titles,Bundle Box,-,"Presale bundle (with bottle, in box)"
01JE-05CL-CCF-MEX-TOL-2024-005HO-000,2024-25 Deportivo Toluca Home Jersey,Apparel,Jersey,Club,Deportivo Toluca,2024-25,Home,000,Regular,Liga MX,Mexico,CONCACAF,Replica,New Balance,-,S,Short,-,-,-,-,-,-,-,-
01JE-05CL-CCF-MEX-TOL-2023-005HO-000,2023-24 Deportivo Toluca Home Jersey,Apparel,Jersey,Club,Deportivo Toluca,2023-24,Home,000,Regular,Liga MX,Mexico,CONCACAF,Replica,New Balance,-,S,Short,-,-,-,-,-,-,-,-
01JE-05CL-CCF-MEX-TOL-2020-005HO-000,2020-21 Deportivo Toluca Home Jersey,Apparel,Jersey,Club,Deportivo Toluca,2020-21,Home,000,Regular,Liga MX,Mexico,CONCACAF,Replica,Under Armour,-,S,Short,-,-,-,-,-,-,-,-
01JE-05CL-CCF-MEX-TOL-2019-005HO-000,2019-20 Deportivo Toluca Authentic Home Jersey,Apparel,Jersey,Club,Deportivo Toluca,2019-20,Home,000,Regular,Liga MX,Mexico,CONCACAF,Authentic,Under Armour,-,S,Short,-,-,-,-,-,-,-,-
01JE-05CL-CCF-MEX-TOL-2018-005HO-000,2018-19 Deportivo Toluca Home Jersey,Apparel,Jersey,Club,Deportivo Toluca,2018-19,Home,000,Regular,Liga MX,Mexico,CONCACAF,Replica,Under Armour,-,S,Short,-,-,-,-,-,-,-,-
01JE-05CL-CCF-MEX-TOL-2016-045SP-000,2016-17 Deportivo Toluca 100th Anniversary Authentic Special Jersey - In Box,Apparel,Jersey,Club,Deportivo Toluca,2016-17,Special,000,100th Anniversary,Liga MX,Mexico,CONCACAF,Authentic,Under Armour,-,S,Short,-,-,-,-,-,In Box,-,No. 2778/3000
01JE-05CL-CCF-MEX-TOL-2016-005HO-000,2016-17 Deportivo Toluca Home Jersey,Apparel,Jersey,Club,Deportivo Toluca,2016-17,Home,000,Regular,Liga MX,Mexico,CONCACAF,Replica,Under Armour,-,S,Short,-,-,-,-,100th Anniversary,-,-,-
01JE-05CL-CCF-MEX-TOL-2014-005HO-000,2014-15 Deportivo Toluca Home Jersey,Apparel,Jersey,Club,Deportivo Toluca,2014-15,Home,000,Regular,Liga MX,Mexico,CONCACAF,Replica,Under Armour,-,S,Short,-,-,-,-,Liga Mx,-,-,-
01JE-05CL-CCF-CAN-OTT-2020-010AW-000,2020 Atlético Ottawa Away Jersey,Apparel,Jersey,Club,Atlético Ottawa,2020,Away,000,Regular,Canadian Premier League,Canada,CONCACAF,Replica,Macron,-,S,Short,-,-,-,-,-,-,-,-
01JE-10CO-CCF-USA-ALL-2021-005HO-000,2021 MLS All-Stars Home Jersey,Apparel,Jersey,Collective,MLS All-Stars,2021,Home,000,Regular,MLS,USA,CONCACAF,Replica,Adidas,-,S,Short,-,-,-,-,-,-,-,-
01JE-05CL-CCF-USA-MIA-2021-010AW-000,2021 Inter Miami Away Jersey,Apparel,Jersey,Club,Inter Miami,2021,Away,000,Regular,MLS,USA,CONCACAF,Replica,Adidas,-,S,Short,-,-,-,-,-,-,-,-
01JE-05CL-CCF-USA-ATL-2017-010AW-000,2017 Atlanta United Authentic Away Jersey,Apparel,Jersey,Club,Atlanta United,2017,Away,000,Regular,MLS,USA,CONCACAF,Authentic,Adidas,-,S,Short,-,-,-,-,MLS,-,-,-
01JE-05CL-CCF-USA-LAF-2018-005HO-000,2018 Los Angeles FC Home Jersey,Apparel,Jersey,Club,Los Angeles FC,2018,Home,000,Regular,MLS,USA,CONCACAF,Replica,Adidas,-,S,Short,-,-,-,-,MLS,-,-,-
01JE-05CL-UEF-GER-DOR-2025-065LF-000,2025 Borussia Dortmund Lifestyle L/S Jersey,Apparel,Jersey,Club,Borussia Dortmund,2025,Lifestyle,000,Special Edition,Bundesliga,Germany,UEFA,Vintage Fabric,Puma,KidSuper,S,Long,-,-,-,-,-,-,-,KidSuper collaboration (lifestyle) for Club World Cup
01JE-05CL-UEF-GER-DOR-2024-045SP-000,2024-25 Borussia Dortmund Special L/S Jersey - In Box,Apparel,Jersey,Club,Borussia Dortmund,2024-25,Special,000,Special Edition,Bundesliga,Germany,UEFA,Replica,Puma,-,S,Long,-,-,-,-,-,In Box,-,Inspired by 1994 neon kit
01JE-05CL-UEF-GER-DOR-2022-045SP-000,2022-23 Borussia Dortmund Special Jersey - In Box,Apparel,Jersey,Club,Borussia Dortmund,2022-23,Special,000,Special Edition,Bundesliga,Germany,UEFA,Replica,Puma,-,S,Short,-,-,-,-,-,In Box,-,"""Kohle und Stahl"" edition"
01JE-05CL-UEF-GER-DOR-2020-045SP-000,2020-21 Borussia Dortmund Special Jersey - In Box,Apparel,Jersey,Club,Borussia Dortmund,2020-21,Special,000,Special Edition,Bundesliga,Germany,UEFA,Replica,Puma,-,S,Short,-,-,-,-,-,In Box,-,"""Null Ne90n"" edition"
01JE-05CL-UEF-GER-DOR-2024-015TH-000,2024-25 Borussia Dortmund Third Jersey,Apparel,Jersey,Club,Borussia Dortmund,2024-25,Third,000,Regular,Bundesliga,Germany,UEFA,Replica,Puma,-,S,Short,-,-,-,-,-,-,-,-
01JE-05CL-UEF-GER-DOR-2024-010AW-000,2024-25 Borussia Dortmund Away Jersey,Apparel,Jersey,Club,Borussia Dortmund,2024-25,Away,000,Regular,Bundesliga,Germany,UEFA,Replica,Puma,-,S,Short,-,-,-,-,-,-,-,-
01JE-05CL-UEF-GER-DOR-2019-010AW-000,2019-20 Borussia Dortmund Away Jersey,Apparel,Jersey,Club,Borussia Dortmund,2019-20,Away,000,Regular,Bundesliga,Germany,UEFA,Replica,Puma,-,S,Short,-,-,-,-,-,-,-,-
01JE-05CL-UEF-GER-DOR-2016-010AW-000,2016-17 Borussia Dortmund Away Jersey Reus #11,Apparel,Jersey,Club,Borussia Dortmund,2016-17,Away,000,Regular,Bundesliga,Germany,UEFA,Replica,Puma,-,S,Short,Marco Reus,11,Reus #11,Generic,-,-,-,-
01JE-05CL-UEF-GER-DOR-2011-010AW-000,2011-12 Borussia Dortmund Away Jersey,Apparel,Jersey,Club,Borussia Dortmund,2011-12,Away,000,Regular,Bundesliga,Germany,UEFA,Replica,Kappa,-,S,Short,-,-,-,-,-,-,-,-
01JE-05CL-UEF-GER-DOR-2025-025CH-000,2025-26 Borussia Dortmund Cup Home Jersey,Apparel,Jersey,Club,Borussia Dortmund,2025-26,Cup Home,000,Regular,UEFA Champions League,Germany,UEFA,Replica,Puma,-,S,Short,-,-,-,-,-,-,-,-
01JE-05CL-UEF-GER-DOR-2023-025CH-000,2023-24 Borussia Dortmund Cup Home Jersey,Apparel,Jersey,Club,Borussia Dortmund,2023-24,Cup Home,000,Regular,UEFA Champions League,Germany,UEFA,Replica,Puma,-,S,Short,-,-,-,-,-,-,-,-
01JE-05CL-UEF-GER-DOR-2021-025CH-000,2021-22 Borussia Dortmund Cup Home Jersey Haaland #9,Apparel,Jersey,Club,Borussia Dortmund,2021-22,Cup Home,000,Regular,UEFA Champions League,Germany,UEFA,Replica,Puma,-,S,Short,Erling Haaland,9,Haaland #9,Official,-,-,-,-
01JE-05CL-UEF-GER-DOR-2019-025CH-000,2019-20 Borussia Dortmund Cup Home Jersey Witsel #28,Apparel,Jersey,Club,Borussia Dortmund,2019-20,Cup Home,000,Regular,UEFA Champions League,Germany,UEFA,Replica,Puma,-,S,Short,Axel Witsel,28,Witsel #28,Official,-,-,-,-
01JE-05CL-UEF-GER-DOR-2018-025CH-000,2018-19 Borussia Dortmund Cup Home Jersey M.Götze #10,Apparel,Jersey,Club,Borussia Dortmund,2018-19,Cup Home,000,Regular,UEFA Champions League,Germany,UEFA,Replica,Puma,-,S,Short,Mario Götze,10,M.Götze #10,Official,Champions League,-,-,-
01JE-05CL-UEF-GER-DOR-2017-025CH-000,2017-18 Borussia Dortmund Cup Home Jersey Weigl #33,Apparel,Jersey,Club,Borussia Dortmund,2017-18,Cup Home,000,Regular,UEFA Champions League,Germany,UEFA,Replica,Puma,-,S,Short,Julian Weigl,33,Weigl #33,Official,Champions League,-,-,-
01JE-05CL-UEF-GER-DOR-2016-025CH-000,2016-17 Borussia Dortmund Cup Home Jersey Shain #15,Apparel,Jersey,Club,Borussia Dortmund,2016-17,Cup Home,000,Regular,UEFA Champions League,Germany,UEFA,Replica,Puma,-,S,Short,Everardo Shain,15,Shain #15,Official,Champions League,-,-,-
01JE-05CL-UEF-GER-DOR-2025-005HO-000,2025-26 Borussia Dortmund Home Jersey,Apparel,Jersey,Club,Borussia Dortmund,2025-26,Home,000,Regular,Bundesliga,Germany,UEFA,Replica,Puma,-,S,Short,-,-,-,-,-,-,-,-
01JE-05CL-UEF-GER-DOR-2024-005HO-000,2024-25 Borussia Dortmund Home Jersey,Apparel,Jersey,Club,Borussia Dortmund,2024-25,Home,000,Regular,Bundesliga,Germany,UEFA,Replica,Puma,-,S,Short,-,-,-,-,-,-,-,-
01JE-05CL-UEF-GER-DOR-2020-005HO-000,2020-21 Borussia Dortmund Home Jersey,Apparel,Jersey,Club,Borussia Dortmund,2020-21,Home,000,Regular,Bundesliga,Germany,UEFA,Replica,Puma,-,S,Short,-,-,-,-,-,-,-,-
01JE-05CL-UEF-GER-DOR-2019-005HO-000,2019-20 Borussia Dortmund Home Jersey Brandt #19,Apparel,Jersey,Club,Borussia Dortmund,2019-20,Home,000,Regular,Bundesliga,Germany,UEFA,Replica,Puma,-,S,Short,Julian Brandt,19,Brandt #19,Official,-,-,-,-
01JE-05CL-UEF-GER-DOR-2018-005HO-000,2018-19 Borussia Dortmund Home Jersey Schmelzer #29,Apparel,Jersey,Club,Borussia Dortmund,2018-19,Home,000,Regular,Bundesliga,Germany,UEFA,Replica,Puma,-,S,Short,Marcel Schmelzer,29,Schmelzer #29,Official,-,-,-,-
01JE-05CL-UEF-GER-DOR-2018-005HO-002,2018-19 Borussia Dortmund Home Jersey Schmelzer #29 (Misprint),Apparel,Jersey,Club,Borussia Dortmund,2018-19,Home,002,Regular,Bundesliga,Germany,UEFA,Replica,Puma,-,S,Short,Marcel Schmelzer,29,Schmelzer #29,Official,-,-,-,Nameset misprint. With tags
01JE-05CL-UEF-GER-DOR-2017-005HO-000,2017-18 Borussia Dortmund Home Jersey,Apparel,Jersey,Club,Borussia Dortmund,2017-18,Home,000,Regular,Bundesliga,Germany,UEFA,Replica,Puma,-,S,Short,-,-,-,-,-,-,-,-
01JE-05CL-UEF-GER-DOR-2016-005HO-000,2016-17 Borussia Dortmund Home Jersey Shain #15,Apparel,Jersey,Club,Borussia Dortmund,2016-17,Home,000,Regular,Bundesliga,Germany,UEFA,Replica,Puma,-,S,Short,Everardo Shain,15,Shain #15,Generic,-,-,-,-
01JE-05CL-UEF-GER-DOR-2015-005HO-000,2015-16 Borussia Dortmund Home Jersey,Apparel,Jersey,Club,Borussia Dortmund,2015-16,Home,000,Regular,Bundesliga,Germany,UEFA,Replica,Puma,-,S,Short,-,-,-,-,-,-,-,-
01JE-05CL-UEF-GER-DOR-2013-005HO-000,2013-14 Borussia Dortmund Home Jersey,Apparel,Jersey,Club,Borussia Dortmund,2013-14,Home,000,Regular,Bundesliga,Germany,UEFA,Replica,Puma,-,S,Short,-,-,-,-,-,-,-,-
01JE-05CL-UEF-GER-DOR-1996-005HO-000,1996-97 Borussia Dortmund Home Jersey,Apparel,Jersey,Club,Borussia Dortmund,1996-97,Home,000,Regular,Bundesliga,Germany,UEFA,Vintage Fabric,Nike,-,S,Short,-,-,-,-,-,-,-,Framed
01JE-05CL-UEF-GER-LEI-2017-005HO-000,2017-18 RB Leipzig Home Jersey,Apparel,Jersey,Club,RB Leipzig,2017-18,Home,000,Regular,Bundesliga,Germany,UEFA,Replica,Nike,-,S,Short,-,-,-,-,-,-,-,-
01JE-05CL-UEF-GER-LEV-2015-005HO-000,2015-16 Bayer 04 Leverkusen Home Jersey Chicharito #7,Apparel,Jersey,Club,Bayer 04 Leverkusen,2015-16,Home,000,Regular,Bundesliga,Germany,UEFA,Replica,Adidas,-,M,Short,Javier Hernández,7,Chicharito #7,Generic,-,-,-,-
01JE-05CL-UEF-GER-PAU-2016-015TH-000,2016-17 FC St. Pauli Third Jersey,Apparel,Jersey,Club,FC St. Pauli,2016-17,Third,000,Regular,2. Bundesliga,Germany,UEFA,Replica,Under Armour,-,S,Short,-,-,-,-,-,-,-,-
01JE-05CL-UEF-GER-PAU-2017-010AW-000,2017-18 FC St. Pauli Away Jersey,Apparel,Jersey,Club,FC St. Pauli,2017-18,Away,000,Regular,2. Bundesliga,Germany,UEFA,Replica,Under Armour,-,S,Short,-,-,-,-,-,-,-,-
01JE-05CL-UEF-SPA-BET-2018-010AW-000,2018-19 Real Betis Authentic Away Jersey,Apparel,Jersey,Club,Real Betis,2018-19,Away,000,Regular,La Liga,Spain,UEFA,Authentic,Kappa,-,S,Short,-,-,-,-,-,-,-,Retail sponsorless version
01JE-05CL-UEF-BEL-BRU-2017-045SP-000,2017-18 Club Brugge Special Jersey,Apparel,Jersey,Club,Club Brugge,2017-18,Special,000,Special Edition,Belgian First Division A,Belgium,UEFA,Replica,Macron,-,S,Short,-,-,-,-,-,-,-,Play-off edition. Retail sponsorless version
01JE-05CL-UEF-ITA-PAR-2013-045SP-000,2013-14 Parma Calcio 100th Anniversary Special L/S Jersey - In Box,Apparel,Jersey,Club,Parma Calcio,2013-14,Special,000,100th Anniversary,Serie A,Italy,UEFA,Replica,Errea,-,S,Long,-,-,-,-,-,In Box,-,No. 768
01JE-05CL-UEF-ITA-LAZ-2020-025CH-000,2020-21 SS Lazio Cup Home Jersey - In Box,Apparel,Jersey,Club,SS Lazio,2020-21,Cup Home,000,Regular,UEFA Champions League,Italy,UEFA,Replica,Macron,-,S,Short,-,-,-,-,-,In Box,-,-
01JE-05CL-UEF-ITA-NAP-2018-030CA-000,2018-19 SSC Napoli Authentic Cup Away Jersey,Apparel,Jersey,Club,SSC Napoli,2018-19,Cup Away,000,Regular,UEFA Champions League,Italy,UEFA,Authentic,Kappa,-,S,Short,-,-,-,-,-,-,-,-
01JE-05CL-UEF-ITA-NAP-2019-025CH-000,2019-20 SSC Napoli Authentic Cup Home Jersey,Apparel,Jersey,Club,SSC Napoli,2019-20,Cup Home,000,Regular,UEFA Champions League,Italy,UEFA,Authentic,Kappa,-,S,Short,-,-,-,-,-,-,-,-
01JE-05CL-UEF-ITA-VEN-2021-005HO-000,2021-22 Venezia FC Home Jersey,Apparel,Jersey,Club,Venezia FC,2021-22,Home,000,Regular,Serie A,Italy,UEFA,Replica,Kappa,-,S,Short,-,-,-,-,-,-,-,-
01JE-05CL-UEF-ITA-GEN-2019-005HO-000,2019-20 Genoa CFC Authentic Home Jersey,Apparel,Jersey,Club,Genoa CFC,2019-20,Home,000,Regular,Serie A,Italy,UEFA,Authentic,Kappa,-,S,Short,-,-,-,-,-,-,-,Retail sponsorless version
01JE-05CL-UEF-ITA-CAG-2019-045SP-000,2019-20 Cagliari Calcio 100th Anniversary Special Jersey - In Box,Apparel,Jersey,Club,Cagliari Calcio,2019-20,Special,000,100th Anniversary,Serie A,Italy,UEFA,Vintage Fabric,Macron,Antonio Marras,S,Short,-,-,-,-,-,In Box,-,No. 0669/2020
01JE-05CL-UEF-ITA-FIO-2017-005HO-000,2017-18 ACF Fiorentina Home Jersey,Apparel,Jersey,Club,ACF Fiorentina,2017-18,Home,000,Regular,Serie A,Italy,UEFA,Replica,Le Coq Sportif,-,M,Short,-,-,-,-,-,-,-,-
01JE-05CL-UEF-ITA-ROM-2025-015TH-000,2025-26 AS Roma Third Jersey,Apparel,Jersey,Club,AS Roma,2025-26,Third,000,Regular,Serie A,Italy,UEFA,Replica,Adidas,-,S,Short,-,-,-,-,-,-,-,-
01JE-05CL-UEF-ITA-ROM-2020-015TH-000,2020-21 AS Roma Third Jersey,Apparel,Jersey,Club,AS Roma,2020-21,Third,000,Regular,Serie A,Italy,UEFA,Replica,Nike,-,S,Short,-,-,-,-,-,-,-,-
01JE-05CL-UEF-ITA-ROM-2017-015TH-000,2017-18 AS Roma Third Jersey,Apparel,Jersey,Club,AS Roma,2017-18,Third,000,Regular,Serie A,Italy,UEFA,Replica,Nike,-,S,Short,-,-,-,-,-,-,-,Retail sponsorless version
01JE-05CL-UEF-ITA-ROM-2016-010AW-000,2016-17 AS Roma Away Jersey Totti Aeterno #X,Apparel,Jersey,Club,AS Roma,2016-17,Away,000,Regular,Serie A,Italy,UEFA,Replica,Nike,-,S,Short,Francesco Totti,X,Totti Aeterno #X,Commemorative,Totti Farewell,-,-,-
01JE-05CL-UEF-ITA-ROM-2015-015TH-000,2015-16 AS Roma Third Jersey,Apparel,Jersey,Club,AS Roma,2015-16,Third,000,Regular,Serie A,Italy,UEFA,Replica,Nike,-,S,Short,-,-,-,-,-,-,-,-
01JE-05CL-UEF-ITA-MIL-2024-020FO-000,2024-25 AC Milan Fourth Jersey,Apparel,Jersey,Club,AC Milan,2024-25,Fourth,000,Special Edition,Serie A,Italy,UEFA,Replica,Puma,Off-White,S,Short,-,-,-,-,-,-,-,Off-White collaboration. Includes Off-White plastic tag
01JE-05CL-UEF-ITA-MIL-2024-045SP-000,2024-25 AC Milan 125th Anniversary Special L/S Jersey,Apparel,Jersey,Club,AC Milan,2024-25,Special,000,125th Anniversary,Serie A,Italy,UEFA,Replica,Puma,-,S,Long,-,-,-,-,-,-,-,-
01JE-05CL-UEF-ITA-INT-2018-015TH-000,2018-19 Inter Milan Third Jersey,Apparel,Jersey,Club,Inter Milan,2018-19,Third,000,Regular,Serie A,Italy,UEFA,Replica,Nike,-,S,Short,-,-,-,-,-,-,-,-
01JE-05CL-UEF-ITA-JUV-2024-015TH-000,2024-25 Juventus FC Third Jersey,Apparel,Jersey,Club,Juventus FC,2024-25,Third,000,Regular,Serie A,Italy,UEFA,Replica,Adidas,-,S,Short,-,-,-,-,-,-,-,Retail sponsorless version
01JE-05CL-UEF-ITA-JUV-2017-005HO-000,2017-18 Juventus FC Home Jersey,Apparel,Jersey,Club,Juventus FC,2017-18,Home,000,Regular,Serie A,Italy,UEFA,Replica,Adidas,-,S,Short,-,-,-,-,-,-,-,-
01JE-05CL-UEF-FRA-LYO-2025-045SP-000,2025-26 Olympique Lyonnais 75th Anniversary Special Jersey,Apparel,Jersey,Club,Olympique Lyonnais,2025-26,Special,000,75th Anniversary,Ligue 1,France,UEFA,Replica,Adidas,-,S,Short,-,-,-,-,-,-,-,Retail sponsorless version
01JE-05CL-UEF-FRA-PSG-2017-015TH-000,2017-18 Paris Saint-Germain Third Jersey,Apparel,Jersey,Club,Paris Saint-Germain,2017-18,Third,000,Regular,Ligue 1,France,UEFA,Replica,Nike,-,S,Short,-,-,-,-,-,-,-,-
01JE-05CL-UEF-FRA-BAS-2015-015TH-000,2015-16 SC Bastia Authentic Third Jersey,Apparel,Jersey,Club,SC Bastia,2015-16,Third,000,Regular,Ligue 1,France,UEFA,Authentic,Kappa,-,S,Short,-,-,-,-,-,-,-,-
01JE-05CL-UEF-ENG-WHU-2016-045SP-000,2016-17 West Ham United Special Jersey,Apparel,Jersey,Club,West Ham United,2016-17,Special,000,Special Edition,Premier League,England,UEFA,Replica,Umbro,-,S,Short,-,-,-,-,-,-,-,"""Thames Ironworks FC"" Commemorative"
01JE-05CL-UEF-ENG-BUR-2018-010AW-000,2018-19 Burnley FC Away Jersey,Apparel,Jersey,Club,Burnley FC,2018-19,Away,000,Regular,Premier League,England,UEFA,Replica,Puma,-,S,Short,-,-,-,-,-,-,-,Retail sponsorless version
01JE-05CL-UEF-ENG-MUN-2017-010AW-000,2017-18 Manchester United Away Jersey,Apparel,Jersey,Club,Manchester United,2017-18,Away,000,Regular,Premier League,England,UEFA,Replica,Adidas,-,S,Short,-,-,-,-,-,-,-,-
01JE-05CL-UEF-ENG-ARS-2018-015TH-000,2018-19 Arsenal FC Third Jersey,Apparel,Jersey,Club,Arsenal FC,2018-19,Third,000,Regular,Premier League,England,UEFA,Replica,Puma,-,S,Short,-,-,-,-,-,-,-,-
01JE-05CL-UEF-ENG-LEI-2016-010AW-000,2016-17 Leicester City Away Jersey,Apparel,Jersey,Club,Leicester City,2016-17,Away,000,Regular,Premier League,England,UEFA,Replica,Puma,-,S,Short,-,-,-,-,-,-,-,-
01JE-05CL-UEF-ENG-LEI-2017-010AW-000,2017-18 Leicester City Away Jersey,Apparel,Jersey,Club,Leicester City,2017-18,Away,000,Regular,Premier League,England,UEFA,Replica,Puma,-,S,Short,-,-,-,-,-,-,-,-
01JE-05CL-UEF-ENG-LEI-2017-015TH-000,2017-18 Leicester City Third Jersey,Apparel,Jersey,Club,Leicester City,2017-18,Third,000,Regular,Premier League,England,UEFA,Replica,Puma,-,S,Short,-,-,-,-,-,-,-,-
01JE-05CL-UEF-ENG-MCI-2019-010AW-000,2019-20 Manchester City Away Jersey,Apparel,Jersey,Club,Manchester City,2019-20,Away,000,Regular,Premier League,England,UEFA,Replica,Puma,-,S,Short,-,-,-,-,-,-,-,-
01JE-05CL-UEF-ENG-LIV-2019-045SP-000,2019-20 Liverpool FC Special Jersey,Apparel,Jersey,Club,Liverpool FC,2019-20,Special,000,Special Edition,Premier League,England,UEFA,Replica,New Balance,-,S,Short,-,-,-,-,-,-,-,“Six Times” edition commemorating the club’s six Champions League titles
01JE-05CL-UEF-ENG-LIV-2018-015TH-000,2018-19 Liverpool FC Third Jersey,Apparel,Jersey,Club,Liverpool FC,2018-19,Third,000,Regular,Premier League,England,UEFA,Replica,New Balance,-,S,Short,-,-,-,-,-,-,-,-
01JE-05CL-UEF-ENG-LIV-2018-005HO-000,2018-19 Liverpool FC Home L/S Jersey,Apparel,Jersey,Club,Liverpool FC,2018-19,Home,000,Regular,Premier League,England,UEFA,Replica,New Balance,-,S,Long,-,-,-,-,-,-,-,-
01JE-05CL-UEF-NET-PSV-2017-010AW-000,2017-18 PSV Away Jersey H. Lozano #11,Apparel,Jersey,Club,PSV,2017-18,Away,000,Regular,Eredivise,Netherlands,UEFA,Replica,Umbro,-,S,Short,Hirving Lozano,11,H. Lozano #11,Official,Philips Founder of PSV,-,-,-
01JE-05CL-UEF-NET-PSV-2018-005HO-000,2018-19 PSV Home Jersey,Apparel,Jersey,Club,PSV,2018-19,Home,000,Regular,Eredivise,Netherlands,UEFA,Replica,Umbro,-,S,Short,-,-,-,-,-,-,-,-
01JE-05CL-UEF-NET-AJA-2024-045SP-000,2024-25 Ajax Amsterdam 125th Anniversary Special L/S Jersey,Apparel,Jersey,Club,Ajax Amsterdam,2024-25,Special,000,125th Anniversary,Eredivise,Netherlands,UEFA,Replica,Adidas,-,S,Long,-,-,-,-,-,-,-,-
01JE-05CL-UEF-POR-PCP-2016-005HO-000,2016-17 FC Porto Authentic Home Jersey,Apparel,Jersey,Club,FC Porto,2016-17,Home,000,Regular,Primeira Liga,Portugal,UEFA,Authentic,New Balance,-,S,Short,-,-,-,-,-,-,-,-
01JE-05CL-UEF-TUR-GAL-2018-015TH-000,2018-19 Galatasaray Third Jersey,Apparel,Jersey,Club,Galatasaray,2018-19,Third,000,Regular,Süper Lig,Turkey,UEFA,Replica,Nike,-,S,Short,-,-,-,-,-,-,-,-
01JE-01NA-CCF-MEX-MEX-2024-010AW-000,2024 Mexico Away L/S Jersey,Apparel,Jersey,National Team,Mexico,2024,Away,000,Regular,-,Mexico,CONCACAF,Replica,Adidas,-,S,Long,-,-,-,-,-,-,-,-
01JE-01NA-CCF-MEX-MEX-2022-010AW-000,2022 Mexico Away Jersey,Apparel,Jersey,National Team,Mexico,2022,Away,000,Regular,-,Mexico,CONCACAF,Replica,Adidas,-,S,Short,-,-,-,-,-,-,-,-
01JE-01NA-CCF-MEX-MEX-2020-010AW-000,2020 Mexico Away Jersey,Apparel,Jersey,National Team,Mexico,2020,Away,000,Regular,-,Mexico,CONCACAF,Replica,Adidas,-,S,Short,-,-,-,-,-,-,-,-
01JE-01NA-CCF-MEX-MEX-2018-010AW-000,2018 Mexico Away Jersey,Apparel,Jersey,National Team,Mexico,2018,Away,000,Regular,-,Mexico,CONCACAF,Replica,Adidas,-,S,Short,-,-,-,-,-,-,-,-
01JE-01NA-CCF-MEX-MEX-2025-005HO-000,2025 Mexico Authentic Home L/S Jersey,Apparel,Jersey,National Team,Mexico,2025,Home,000,Regular,-,Mexico,CONCACAF,Authentic,Adidas,-,S,Long,-,-,-,-,-,-,-,-
01JE-01NA-CCF-MEX-MEX-2024-005HO-000,2024 Mexico Home Jersey,Apparel,Jersey,National Team,Mexico,2024,Home,000,Regular,-,Mexico,CONCACAF,Replica,Adidas,-,S,Short,-,-,-,-,-,-,-,-
01JE-01NA-CCF-MEX-MEX-2022-005HO-000,2022 Mexico Home Jersey,Apparel,Jersey,National Team,Mexico,2022,Home,000,Regular,-,Mexico,CONCACAF,Replica,Adidas,-,S,Short,-,-,-,-,-,-,-,-
01JE-01NA-CCF-MEX-MEX-2021-005HO-000,2021 Mexico Home Jersey,Apparel,Jersey,National Team,Mexico,2021,Home,000,Regular,-,Mexico,CONCACAF,Replica,Adidas,-,S,Short,-,-,-,-,-,-,-,-
01JE-01NA-CCF-MEX-MEX-2019-005HO-000,2019 Mexico Home Jersey,Apparel,Jersey,National Team,Mexico,2019,Home,000,Regular,-,Mexico,CONCACAF,Replica,Adidas,-,S,Short,-,-,-,-,-,-,-,-
01JE-01NA-CCF-MEX-MEX-2018-005HO-000,2018 Mexico Home Jersey Chicharito #14,Apparel,Jersey,National Team,Mexico,2018,Home,000,Regular,-,Mexico,CONCACAF,Replica,Adidas,-,S,Short,Javier Hernández,14,Chicharito #14,Official,-,-,-,-
01JE-01NA-CCF-MEX-MEX-2010-005HO-000,2010 Mexico Home Jersey,Apparel,Jersey,National Team,Mexico,2010,Home,000,Regular,-,Mexico,CONCACAF,Replica,Adidas,-,9-10Y,Short,-,-,-,-,-,-,-,-
01JE-01NA-CCF-USA-USA-2019-010AW-000,2019 USA Authentic Away Jersey,Apparel,Jersey,National Team,USA,2019,Away,000,Regular,-,USA,CONCACAF,Authentic,Nike,-,S,Short,-,-,-,-,-,-,-,-
01JE-01NA-CCF-USA-USA-2018-010AW-000,2018 USA Away Jersey Pulisic #10,Apparel,Jersey,National Team,USA,2018,Away,000,Regular,-,USA,CONCACAF,Replica,Nike,-,S,Short,Christian Pulisic,10,Pulisic #10,Official,-,-,-,-
01JE-01NA-CCF-USA-USA-2018-005HO-000,2018 USA Home Jersey,Apparel,Jersey,National Team,USA,2018,Home,000,Regular,-,USA,CONCACAF,Replica,Nike,-,S,Short,-,-,-,-,-,-,-,-
01JE-01NA-CCF-JAM-JAM-2023-010AW-000,2023 Jamaica Away Jersey,Apparel,Jersey,National Team,Jamaica,2023,Away,000,Regular,-,Jamaica,CONCACAF,Replica,Adidas,-,S,Short,-,-,-,-,-,-,-,-
01JE-01NA-CCF-JAM-JAM-2023-005HO-000,2023 Jamaica Home Jersey,Apparel,Jersey,National Team,Jamaica,2023,Home,000,Regular,-,Jamaica,CONCACAF,Replica,Adidas,-,S,Short,-,-,-,-,-,-,-,-
01JE-01NA-CCF-JAM-JAM-2016-010AW-000,2016 Jamaica Away Jersey,Apparel,Jersey,National Team,Jamaica,2016,Away,000,Regular,-,Jamaica,CONCACAF,Replica,Romai,-,S,Short,-,-,-,-,-,-,-,-
01JE-01NA-CMB-BRA-BRA-2018-010AW-000,2018 Brazil Away Jersey,Apparel,Jersey,National Team,Brazil,2018,Away,000,Regular,-,Brazil,CONMEBOL,Replica,Nike,-,S,Short,-,-,-,-,-,-,-,-
01JE-01NA-UEF-GER-GER-2024-010AW-000,2024 Germany Away Jersey,Apparel,Jersey,National Team,Germany,2024,Away,000,Regular,-,Germany,UEFA,Replica,Adidas,-,S,Short,-,-,-,-,-,-,-,-
01JE-01NA-UEF-GER-GER-2020-010AW-000,2020 Germany Away Jersey,Apparel,Jersey,National Team,Germany,2020,Away,000,Regular,-,Germany,UEFA,Replica,Adidas,-,S,Short,-,-,-,-,-,-,-,-
01JE-01NA-UEF-GER-GER-2018-010AW-000,2018 Germany Away Jersey,Apparel,Jersey,National Team,Germany,2018,Away,000,Regular,-,Germany,UEFA,Replica,Adidas,-,S,Short,-,-,-,-,FIFA World Champions 2014,-,-,-
01JE-01NA-UEF-GER-GER-2016-010AW-000,2016 Germany Away Jersey,Apparel,Jersey,National Team,Germany,2016,Away,000,Regular,-,Germany,UEFA,Replica,Adidas,-,S,Short,-,-,-,-,FIFA World Champions 2014,-,-,-
01JE-01NA-UEF-GER-GER-1996-010AW-000,1996 Germany Reissue Away Jersey,Apparel,Jersey,National Team,Germany,1996,Away,000,Reissue,-,Germany,UEFA,Vintage Fabric,Adidas,-,S,Short,-,-,-,-,-,-,-,Reissued in 2023
01JE-01NA-UEF-GER-GER-2025-045SP-000,2025 Germany 125th Anniversary Special L/S Jersey,Apparel,Jersey,National Team,Germany,2025,Special,000,125th Anniversary,-,Germany,UEFA,Replica,Adidas,-,S,Long,-,-,-,-,-,-,-,-
01JE-01NA-UEF-GER-GER-2024-005HO-000,2024 Germany Home Jersey,Apparel,Jersey,National Team,Germany,2024,Home,000,Regular,-,Germany,UEFA,Replica,Adidas,-,S,Short,-,-,-,-,-,-,-,-
01JE-01NA-UEF-GER-GER-2022-005HO-000,2022 Germany Home Jersey,Apparel,Jersey,National Team,Germany,2022,Home,000,Regular,-,Germany,UEFA,Replica,Adidas,-,S,Short,-,-,-,-,-,-,-,-
01JE-01NA-UEF-GER-GER-2020-005HO-000,2020 Germany Home Jersey,Apparel,Jersey,National Team,Germany,2020,Home,000,Regular,-,Germany,UEFA,Replica,Adidas,-,S,Short,-,-,-,-,-,-,-,-
01JE-01NA-UEF-GER-GER-2018-005HO-000,2018 Germany Home Jersey,Apparel,Jersey,National Team,Germany,2018,Home,000,Regular,-,Germany,UEFA,Replica,Adidas,-,S,Short,-,-,-,-,FIFA World Champions 2014,-,-,-
01JE-01NA-UEF-BEL-BEL-2022-010AW-000,2022 Belgium Away Jersey,Apparel,Jersey,National Team,Belgium,2022,Away,000,Regular,-,Belgium,UEFA,Replica,Adidas,Tomorrowland,S,Short,-,-,-,-,-,-,-,-
01JE-01NA-UEF-BEL-BEL-2020-005HO-000,2020 Belgium Home Jersey,Apparel,Jersey,National Team,Belgium,2020,Home,000,Regular,-,Belgium,UEFA,Replica,Adidas,-,S,Short,-,-,-,-,-,-,-,-
01JE-01NA-UEF-BEL-BEL-2016-005HO-000,2016 Belgium Home Jersey Shain #15,Apparel,Jersey,National Team,Belgium,2016,Home,000,Regular,-,Belgium,UEFA,Replica,Adidas,-,S,Short,Everardo Shain,15,Shain #15,Generic,-,-,-,-
01JE-01NA-UEF-SPA-SPA-2018-010AW-000,2018 Spain Away Jersey,Apparel,Jersey,National Team,Spain,2018,Away,000,Regular,-,Spain,UEFA,Replica,Adidas,-,S,Short,-,-,-,-,-,-,-,-
01JE-01NA-UEF-SPA-SPA-2016-010AW-000,2016 Spain Away Jersey,Apparel,Jersey,National Team,Spain,2016,Away,000,Regular,-,Spain,UEFA,Replica,Adidas,-,S,Short,-,-,-,-,-,-,-,-
01JE-01NA-UEF-SPA-SPA-2013-005HO-000,2013 Spain Home Jersey,Apparel,Jersey,National Team,Spain,2013,Home,000,Regular,-,Spain,UEFA,Replica,Adidas,-,13-14Y,Short,-,-,-,-,FIFA World Champions 2010,-,-,-
01JE-01NA-UEF-FRA-FRA-2018-010AW-000,2018 France Away Jersey,Apparel,Jersey,National Team,France,2018,Away,000,Regular,-,France,UEFA,Replica,Nike,-,S,Short,-,-,-,-,-,-,-,-
01JE-01NA-UEF-ITA-ITA-2019-015TH-000,2019-20 Italy Third Jersey,Apparel,Jersey,National Team,Italy,2019-20,Third,000,Regular,-,Italy,UEFA,Replica,Puma,-,S,Short,-,-,-,-,-,-,-,-
01JE-01NA-UEF-ITA-ITA-2020-010AW-000,2020 Italy Away Jersey,Apparel,Jersey,National Team,Italy,2020,Away,000,Regular,-,Italy,UEFA,Replica,Puma,-,S,Short,-,-,-,-,-,-,-,-
01JE-01NA-UEF-ITA-ITA-2016-010AW-000,2016-17 Italy Away Jersey,Apparel,Jersey,National Team,Italy,2016-17,Away,000,Regular,-,Italy,UEFA,Replica,Puma,-,S,Short,-,-,-,-,-,-,-,"""2006-2016 Tribute"" edition"
01JE-01NA-UEF-ITA-ITA-2016-010AW-001,2016 Italy Away Jersey,Apparel,Jersey,National Team,Italy,2016,Away,001,Regular,-,Italy,UEFA,Replica,Puma,-,S,Short,-,-,-,-,-,-,-,-
01JE-01NA-UEF-SCO-SCO-2018-005HO-000,2018 Scotland Home Jersey,Apparel,Jersey,National Team,Scotland,2018,Home,000,Regular,-,Scotland,UEFA,Replica,Adidas,-,S,Short,-,-,-,-,-,-,-,-
01JE-01NA-UEF-SCO-SCO-2014-005HO-000,2014 Scotland Authentic Home Jersey,Apparel,Jersey,National Team,Scotland,2014,Home,000,Regular,-,Scotland,UEFA,Authentic,Adidas,-,S,Short,-,-,-,-,-,-,-,-
01JE-01NA-UEF-WAL-WAL-2018-005HO-000,2018 Wales Home Jersey,Apparel,Jersey,National Team,Wales,2018,Home,000,Regular,-,Wales,UEFA,Replica,Adidas,-,S,Short,-,-,-,-,-,-,-,-
01JE-01NA-UEF-ENG-ENG-2018-010AW-000,2018 England Away Jersey,Apparel,Jersey,National Team,England,2018,Away,000,Regular,-,England,UEFA,Replica,Nike,-,S,Short,-,-,-,-,-,-,-,-
01JE-01NA-UEF-GRE-GRE-2025-010AW-000,2025 Greenland Away Jersey,Apparel,Jersey,National Team,Greenland,2025,Away,000,Regular,-,Greenland,UEFA,Replica,Hummel,-,S,Short,-,-,-,-,-,-,-,-
01JE-01NA-UEF-ICE-ICE-2018-005HO-000,2018 Iceland Home Jersey,Apparel,Jersey,National Team,Iceland,2018,Home,000,Regular,-,Iceland,UEFA,Replica,Errea,-,S,Short,-,-,-,-,-,-,-,-
01JE-01NA-UEF-SWE-SWE-2016-010AW-000,2016 Sweden Away Jersey,Apparel,Jersey,National Team,Sweden,2016,Away,000,Regular,-,Sweden,UEFA,Replica,Adidas,-,S,Short,-,-,-,-,-,-,-,-
01JE-01NA-UEF-NOR-NOR-2020-010AW-000,2020 Norway Away Jersey,Apparel,Jersey,National Team,Norway,2020,Away,000,Regular,-,Norway,UEFA,Replica,Nike,-,S,Short,-,-,-,-,-,-,-,-
01JE-01NA-UEF-DEN-DEN-2016-010AW-000,2016-17 Denmark Away Jersey,Apparel,Jersey,National Team,Denmark,2016-17,Away,000,Regular,-,Denmark,UEFA,Replica,Hummel,-,S,Short,-,-,-,-,-,-,-,-
01JE-01NA-UEF-DEN-DEN-2018-005HO-000,2018 Denmark Home Jersey,Apparel,Jersey,National Team,Denmark,2018,Home,000,Regular,-,Denmark,UEFA,Replica,Hummel,-,S,Short,-,-,-,-,-,-,-,-
01JE-01NA-UEF-SWI-SWI-2018-005HO-000,2018 Switzerland Home Jersey,Apparel,Jersey,National Team,Switzerland,2018,Home,000,Regular,-,Switzerland,UEFA,Replica,Puma,-,S,Short,-,-,-,-,-,-,-,-
01JE-01NA-UEF-AUS-AUS-2020-005HO-000,2020 Austria Home Jersey,Apparel,Jersey,National Team,Austria,2020,Home,000,Regular,-,Austria,UEFA,Replica,Puma,-,S,Short,-,-,-,-,-,-,-,-
01JE-01NA-UEF-AUS-AUS-2018-005HO-000,2018 Austria Home Jersey,Apparel,Jersey,National Team,Austria,2018,Home,000,Regular,-,Austria,UEFA,Replica,Puma,-,S,Short,-,-,-,-,-,-,-,-
01JE-01NA-UEF-ALB-ALB-2017-015TH-000,2017 Albania Third Jersey,Apparel,Jersey,National Team,Albania,2017,Third,000,Regular,-,Albania,UEFA,Replica,Macron,-,S,Short,-,-,-,-,-,-,-,-
01JE-01NA-UEF-ALB-ALB-2016-005HO-000,2016 Albania Home Jersey,Apparel,Jersey,National Team,Albania,2016,Home,000,Regular,-,Albania,UEFA,Replica,Macron,-,S,Short,-,-,-,-,-,-,-,-
01JE-01NA-UEF-CZE-CZE-2018-005HO-000,2018 Czech Republic Home Jersey,Apparel,Jersey,National Team,Czech Republic,2018,Home,000,Regular,-,Czech Republic,UEFA,Replica,Puma,-,S,Short,-,-,-,-,-,-,-,-
01JE-01NA-UEF-CZE-CZE-2016-005HO-000,2016 Czech Republic Home Jersey,Apparel,Jersey,National Team,Czech Republic,2016,Home,000,Regular,-,Czech Republic,UEFA,Replica,Puma,-,S,Short,-,-,-,-,-,-,-,-
01JE-01NA-UEF-CRO-CRO-2018-010AW-000,2018 Croatia Away Jersey,Apparel,Jersey,National Team,Croatia,2018,Away,000,Regular,-,Croatia,UEFA,Replica,Nike,-,S,Short,-,-,-,-,-,-,-,-
01JE-01NA-UEF-SER-SER-2020-010AW-000,2020 Serbia Away Jersey,Apparel,Jersey,National Team,Serbia,2020,Away,000,Regular,-,Serbia,UEFA,Replica,Puma,-,S,Short,-,-,-,-,-,-,-,-
01JE-01NA-UEF-SER-SER-2020-005HO-000,2020 Serbia Home Jersey,Apparel,Jersey,National Team,Serbia,2020,Home,000,Regular,-,Serbia,UEFA,Replica,Puma,-,S,Short,-,-,-,-,-,-,-,-
01JE-01NA-UEF-SLO-SLO-2016-010AW-000,2016 Slovenia Away Jersey,Apparel,Jersey,National Team,Slovenia,2016,Away,000,Regular,-,Slovenia,UEFA,Replica,Nike,-,S,Short,-,-,-,-,-,-,-,-
01JE-01NA-UEF-RUS-RUS-2018-010AW-000,2018 Russia Away Jersey,Apparel,Jersey,National Team,Russia,2018,Away,000,Regular,-,Russia,UEFA,Replica,Adidas,-,S,Short,-,-,-,-,-,-,-,-
01JE-01NA-UEF-RUS-RUS-2016-010AW-000,2016 Russia Away Jersey,Apparel,Jersey,National Team,Russia,2016,Away,000,Regular,-,Russia,UEFA,Replica,Adidas,-,S,Short,-,-,-,-,-,-,-,-
01JE-01NA-UEF-RUS-RUS-2018-005HO-000,2018 Russia Home Jersey,Apparel,Jersey,National Team,Russia,2018,Home,000,Regular,-,Russia,UEFA,Replica,Adidas,-,S,Short,-,-,-,-,-,-,-,-
01JE-01NA-AFC-SKO-SKO-2020-010AW-000,2020 South Korea Away Jersey,Apparel,Jersey,National Team,South Korea,2020,Away,000,Regular,-,South Korea,AFC,Replica,Nike,-,S,Short,-,-,-,-,-,-,-,-
01JE-01NA-AFC-JAP-JAP-2024-010AW-000,2024 Japan Away Jersey,Apparel,Jersey,National Team,Japan,2024,Away,000,Regular,-,Japan,AFC,Replica,Adidas,Y-3,S,Short,-,-,-,-,-,-,-,-
01JE-01NA-AFC-JAP-JAP-2016-010AW-000,2016 Japan Away Jersey Okazaki #9,Apparel,Jersey,National Team,Japan,2016,Away,000,Regular,-,Japan,AFC,Replica,Adidas,-,S,Short,Shinji Okazaki,9,Okazaki #9,Official,-,-,-,-
01JE-01NA-AFC-JAP-JAP-2024-005HO-000,2024 Japan Home Jersey,Apparel,Jersey,National Team,Japan,2024,Home,000,Regular,-,Japan,AFC,Replica,Adidas,Y-3,S,Short,-,-,-,-,-,-,-,-
01JE-01NA-AFC-JAP-JAP-2020-005HO-000,2020 Japan Home Jersey,Apparel,Jersey,National Team,Japan,2020,Home,000,Regular,-,Japan,AFC,Replica,Adidas,-,S,Short,-,-,-,-,-,-,-,-
01JE-01NA-CAF-IVO-IVO-2019-005HO-000,2019 Ivory Coast Home Jersey,Apparel,Jersey,National Team,Ivory Coast,2019,Home,000,Regular,-,Ivory Coast,CAF,Replica,Puma,-,S,Short,-,-,-,-,-,-,-,-
01JE-01NA-CAF-GHA-GHA-2019-010AW-000,2019 Ghana Away Jersey,Apparel,Jersey,National Team,Ghana,2019,Away,000,Regular,-,Ghana,CAF,Replica,Puma,-,S,Short,-,-,-,-,-,-,-,-
01JE-01NA-CAF-GHA-GHA-2012-005HO-000,2012 Ghana Home Jersey,Apparel,Jersey,National Team,Ghana,2012,Home,000,Regular,-,Ghana,CAF,Replica,Puma,-,S,Short,-,-,-,-,-,-,-,-
01JE-01NA-CAF-CAM-CAM-2018-010AW-000,2018 Cameroon Away Jersey,Apparel,Jersey,National Team,Cameroon,2018,Away,000,Regular,-,Cameroon,CAF,Replica,Puma,-,S,Short,-,-,-,-,-,-,-,-
01JE-01NA-CAF-CAM-CAM-2018-005HO-000,2018 Cameroon Authentic Home Jersey,Apparel,Jersey,National Team,Cameroon,2018,Home,000,Regular,-,Cameroon,CAF,Authentic,Puma,-,S,Short,-,-,-,-,-,-,-,-
01JE-01NA-CAF-SEN-SEN-2017-005HO-000,2017 Senegal Home Jersey,Apparel,Jersey,National Team,Senegal,2017,Home,000,Regular,-,Senegal,CAF,Replica,Romai,-,S,Short,-,-,-,-,-,-,-,-
01JE-01NA-CAF-NIG-NIG-2020-005HO-000,2020 Nigeria Home Jersey,Apparel,Jersey,National Team,Nigeria,2020,Home,000,Regular,-,Nigeria,CAF,Replica,Nike,-,S,Short,-,-,-,-,-,-,-,-
01JE-01NA-CAF-NIG-NIG-2018-005HO-000,2018 Nigeria Home Jersey,Apparel,Jersey,National Team,Nigeria,2018,Home,000,Regular,-,Nigeria,CAF,Replica,Nike,-,S,Short,-,-,-,-,-,-,-,-
01JE-01NA-OFC-NZE-NZE-2018-010AW-000,2018 New Zealand Away Jersey,Apparel,Jersey,National Team,New Zealand,2018,Away,000,Regular,-,New Zealand,OFC,Replica,Nike,-,S,Short,-,-,-,-,-,-,-,-
01JE-10CO-XXX-XXX-SOC-2018-005HO-000,2018 Soccer Aid World XI Home Jersey Bolt #9.58,Apparel,Jersey,Collective,Soccer Aid World XI,2018,Home,000,Regular,Soccer Aid,-,-,Replica,Puma,-,S,Short,Usain Bolt,9.58,Bolt #9.58,Official,-,-,-,-
01JE-05CL-XXX-SPA-PIO-2024-005HO-000,2024 PIO FC Home Jersey,Apparel,Jersey,Club,PIO FC,2024,Home,000,Regular,Kings League,Spain,-,Replica,Adidas,-,S,Short,-,-,-,-,-,-,-,-
25SC-15EV-UEF-GER-BUN-2024-065LF-000,2024-25 Bundesliga Borussia Dortmund vs. Union Berlin Scarf,Apparel,Scarf,Event,Borussia Dortmund/Union Berlin,2024-25,Lifestyle,000,Matchday,Bundesliga,Germany,UEFA,-,In-House,-,-,-,-,-,-,-,-,-,-,-
25SC-15EV-UEF-XXX-EUR-2015-065LF-000,2015-16 UEFA Europa League Liverpool FC vs. Borussia Dortmund Scarf,Apparel,Scarf,Event,Liverpool FC/Borussia Dortmund,2015-16,Lifestyle,000,Matchday,UEFA Europa League,-,UEFA,-,In-House,-,-,-,-,-,-,-,-,-,-,-
25SC-05CL-UEF-GER-DOR-0000-065LF-000,Borussia Dortmund Striped Name Scarf,Apparel,Scarf,Club,Borussia Dortmund,-,Lifestyle,000,Regular,Bundesliga,Germany,UEFA,-,In-House,-,-,-,-,-,-,-,-,-,-,-
25SC-05CL-UEF-GER-DOR-0000-065LF-001,Borussia Dortmund Striped Scarf Black/Yellow - Bundle Box,Apparel,Scarf,Club,Borussia Dortmund,-,Lifestyle,001,Regular,Bundesliga,Germany,UEFA,-,In-House,-,-,-,-,-,-,-,-,Bundle Box,-,Adrenalin-Trip bundle
25SC-05CL-UEF-GER-DOR-0000-065LF-002,Borussia Dortmund Striped Scarf Black/Grey,Apparel,Scarf,Club,Borussia Dortmund,-,Lifestyle,002,Regular,Bundesliga,Germany,UEFA,-,In-House,-,-,-,-,-,-,-,-,-,-,-
25SC-05CL-UEF-GER-DOR-0000-065LF-003,Borussia Dortmund Stadium Scarf,Apparel,Scarf,Club,Borussia Dortmund,-,Lifestyle,003,Regular,Bundesliga,Germany,UEFA,-,In-House,-,-,-,-,-,-,-,-,-,-,-
25SC-05CL-CCF-MEX-TOL-2017-065LF-000,2017 Deportivo Toluca 100th Anniversary Scarf,Apparel,Scarf,Club,Deportivo Toluca,2017,Lifestyle,000,100th Anniversary,Liga MX,Mexico,CONCACAF,-,In-House,-,-,-,-,-,-,-,-,-,-,-
25SC-01NA-UEF-AUS-AUS-2016-065LF-000,2016-17 Austria Scarf,Apparel,Scarf,National Team,Austria,2016-17,Lifestyle,000,Regular,-,Austria,UEFA,-,Puma,-,-,-,-,-,-,-,-,-,-,-
25SC-01NA-UEF-GER-GER-2018-065LF-000,2018-19 Germany Scarf,Apparel,Scarf,National Team,Germany,2018-19,Lifestyle,000,Regular,-,Germany,UEFA,-,Adidas,-,-,-,-,-,-,-,-,-,-,-
25SC-15EV-UEF-XXX-CHA-2012-065LF-000,2012-13 UEFA Champions League Final Scarf,Apparel,Scarf,Event,-,2012-13,Lifestyle,000,Matchday,UEFA Champions League,-,UEFA,-,Adidas,-,-,-,-,-,-,-,-,-,-,-
05HO-05CL-UEF-GER-DOR-2025-065LF-000,"2025 Borussia Dortmund ""Chinese New Year"" Hoddie",Apparel,Hoddie,Club,Borussia Dortmund,2025,Lifestyle,000,Special Edition,Bundesliga,Germany,UEFA,-,In-House,-,S,-,-,-,-,-,-,-,-,-
05HO-05CL-UEF-GER-DOR-2020-065LF-000,2020-21 Borussia Dortmund Hoddie,Apparel,Hoddie,Club,Borussia Dortmund,2020-21,Lifestyle,000,Regular,Bundesliga,Germany,UEFA,-,Puma,-,S,-,-,-,-,-,-,-,-,-
05HO-05CL-UEF-GER-DOR-2018-065LF-000,2018-19 Borussia Dortmund Hoddie,Apparel,Hoddie,Club,Borussia Dortmund,2018-19,Lifestyle,000,Regular,Bundesliga,Germany,UEFA,-,Puma,-,S,-,-,-,-,-,-,-,-,-
10JA-05CL-UEF-GER-DOR-2017-065LF-000,2017-18 Borussia Dortmund Jacket,Apparel,Jacket,Club,Borussia Dortmund,2017-18,Lifestyle,000,Regular,Bundesliga,Germany,UEFA,-,Puma,-,S,-,-,-,-,-,-,-,-,-
10JA-05CL-UEF-GER-DOR-2024-055AW-000,2024-25 Borussia Dortmund Jacket,Apparel,Jacket,Club,Borussia Dortmund,2024-25,Activewear,000,Regular,Bundesliga,Germany,UEFA,-,Puma,-,S,-,-,-,-,-,-,-,-,-
15PA-05CL-UEF-GER-DOR-2024-055AW-000,2024-25 Borussia Dortmund Pants,Apparel,Pants,Club,Borussia Dortmund,2024-25,Activewear,000,Regular,Bundesliga,Germany,UEFA,-,Puma,-,S,-,-,-,-,-,-,-,-,-
20HE-05CL-UEF-GER-DOR-0000-065LF-000,Borussia Dortmund Crest Cap Black,Apparel,Headwear,Club,Borussia Dortmund,-,Lifestyle,000,Regular,Bundesliga,Germany,UEFA,-,In-House,-,-,-,-,-,-,-,-,-,-,-
10JA-05CL-CCF-MEX-TOL-2016-055AW-000,2016-17 Deportivo Toluca 100th Anniversary Jacket,Apparel,Jacket,Club,Deportivo Toluca,2016-17,Activewear,000,100th Anniversary,Liga MX,Mexico,CONCACAF,-,Under Armour,-,S,-,-,-,-,-,-,-,-,-
35BA-05CL-CCF-MEX-TOL-2017-080CB-000,2017 Deportivo Toluca 100th Anniversary Ball,Equipment,Ball,Club,Deportivo Toluca,2017,Commemorative Ball,000,100th Anniversary,Liga MX,Mexico,CONCACAF,Fan Ball,In-House,-,-,-,-,-,-,-,-,In Box,-,-
35BA-15EV-FIF-XXX-CON-2017-070RB-000,"2017 FIFA Confederations Cup ""Krasava"" Match Ball",Equipment,Ball,Event,-,2017,Regular Ball,000,Regular,FIFA Confederations Cup,-,FIFA,Match Ball,Adidas,-,5 BALL,-,-,-,-,-,-,In Box,-,-
35BA-15EV-FIF-XXX-WOR-2014-075KB-000,"2014 FIFA World Cup ""Brazuca Final Rio"" Match Ball",Equipment,Ball,Event,-,2014,Knockout Ball,000,Regular,FIFA World Cup,-,FIFA,Match Ball,Adidas,-,5 BALL,-,-,-,-,-,-,In Box,-,-
35BA-15EV-FIF-XXX-WOR-2018-070RB-000,"2018 FIFA World Cup ""Telstar 18"" Match Ball",Equipment,Ball,Event,-,2018,Regular Ball,000,Regular,FIFA World Cup,-,FIFA,Match Ball,Adidas,-,5 BALL,-,-,-,-,-,-,In Box,-,-
35BA-15EV-FIF-XXX-WOR-2022-070RB-000,"2022 FIFA World Cup ""Al Rihla"" Match Ball",Equipment,Ball,Event,-,2022,Regular Ball,000,Regular,FIFA World Cup,-,FIFA,Match Ball,Adidas,-,5 BALL,-,-,-,-,-,-,In Box,-,-
35BA-15EV-FIF-XXX-WOR-2026-070RB-000,"2026 FIFA World Cup ""Trionda"" Match Ball",Equipment,Ball,Event,-,2026,Regular Ball,000,Regular,FIFA World Cup,-,FIFA,Match Ball,Adidas,-,5 BALL,-,-,-,-,-,-,In Box,-,-
35BA-15EV-UEF-XXX-CHA-2015-075KB-000,"2015-16 UEFA Champions League ""Finale Milano"" Match Ball",Equipment,Ball,Event,-,2015-16,Knockout Ball,000,Regular,UEFA Champions League,-,UEFA,Match Ball,Adidas,-,5 BALL,-,-,-,-,-,-,In Box,-,-
35BA-15EV-UEF-XXX-CHA-2016-070RB-000,"2016-17 UEFA Champions League ""Finale 16"" Match Ball",Equipment,Ball,Event,-,2016-17,Regular Ball,000,Regular,UEFA Champions League,-,UEFA,Match Ball,Adidas,-,5 BALL,-,-,-,-,-,-,In Box,-,-
35BA-15EV-UEF-XXX-CHA-2016-075KB-000,"2017-18 UEFA Champions League ""Finale Cardiff"" Match Ball",Equipment,Ball,Event,-,2016-17,Knockout Ball,000,Regular,UEFA Champions League,-,UEFA,Match Ball,Adidas,-,5 BALL,-,-,-,-,-,-,In Box,-,-
30BO-20BR-XXX-XXX-ADI-2018-115TB-000,"Nemeziz Tango 18.1 TR ""White/Core Black/Shock Pink""",Equipment,Boots,Brand,-,2018,Training Boot,000,Regular,-,-,-,-,Adidas,-,8.5 US,-,-,-,-,-,-,-,-,-
30BO-20BR-XXX-XXX-ADI-2016-095FG-000,"Messi 16.1 FG ""Space Dust""",Equipment,Boots,Brand,-,2016,Firm Ground,000,Regular,-,-,-,-,Adidas,-,8.5 US,-,-,-,-,-,-,-,-,-
30BO-20BR-XXX-XXX-ADI-2018-095FG-000,"Predator 18.1 ""Nite Crawler""",Equipment,Boots,Brand,-,2018,Firm Ground,000,Regular,-,-,-,-,Adidas,-,9 US,-,-,-,-,-,-,-,-,-
30BO-20BR-XXX-XXX-NIK-2016-105TU-000,"TiempoX Proximo ""Dark Lightning""",Equipment,Boots,Brand,-,2016,Turf,000,Regular,-,-,-,-,Nike,-,9 US,-,-,-,-,-,-,-,-,-
30BO-20BR-XXX-XXX-NIK-2015-110IC-000,"MercurialX Proximo ""Metallic Gold""",Equipment,Boots,Brand,-,2015,Indoor Court,000,Regular,-,-,-,-,Nike,-,9 US,-,-,-,-,-,-,-,-,-
30BO-20BR-XXX-XXX-NIK-2017-110IC-000,"HypervenomX Proximo II DF ""Strike Night""",Equipment,Boots,Brand,-,2017,Indoor Court,000,Regular,-,-,-,-,Nike,-,9 US,-,-,-,-,-,-,-,-,-
40DR-05CL-UEF-ENG-LEI-0000-000XX-000,Leicester City Tumbler,Memorabilia,Drinkware,Club,Leicester City,-,-,000,Regular,Premier League,England,UEFA,-,In-House,-,-,-,-,-,-,-,-,-,-,-
40DR-05CL-UEF-GER-DOR-2024-000XX-000,"2024 Borussia Dortmund ""Marco Reus Farewell"" Stadium Cup",Memorabilia,Drinkware,Club,Borussia Dortmund,2024,-,000,Farewell,Bundesliga,Germany,UEFA,-,In-House,-,-,-,Marco Reus,-,-,-,-,-,-,-
40DR-05CL-UEF-GER-DOR-2024-000XX-001,"2024 Borussia Dortmund ""Abschiedszczspiel"" Stadium Cup",Memorabilia,Drinkware,Club,Borussia Dortmund,2024,-,001,Farewell,Bundesliga,Germany,UEFA,-,In-House,-,-,-,Łukasz Piszczek/Jakub Błaszczykowski,-,-,-,-,-,-,-
40DR-05CL-UEF-GER-DOR-0000-000XX-000,"Borussia Dortmund ""Borussia Dortmund"" Stadium Cup",Memorabilia,Drinkware,Club,Borussia Dortmund,-,-,000,Regular,Bundesliga,Germany,UEFA,-,In-House,-,-,-,-,-,-,-,-,-,-,-
40DR-05CL-UEF-GER-DOR-0000-000XX-001,"Borussia Dortmund ""Heja BVB"" Stadium Cup",Memorabilia,Drinkware,Club,Borussia Dortmund,-,-,001,Regular,Bundesliga,Germany,UEFA,-,In-House,-,-,-,-,-,-,-,-,-,-,-
40DR-05CL-UEF-GER-DOR-0000-000XX-002,Borussia Dortmund Magic Mug,Memorabilia,Drinkware,Club,Borussia Dortmund,-,-,002,Regular,Bundesliga,Germany,UEFA,-,In-House,-,-,-,-,-,-,-,-,-,-,-
40DR-05CL-CCF-MEX-TOL-0000-000XX-000,Deportivo Toluca Christmas Third-Party Mug (Custom Name),Memorabilia,Drinkware,Club,Deportivo Toluca,-,-,000,Regular,Liga MX,Mexico,CONCACAF,-,Third-Party,-,-,-,-,-,-,-,-,-,-,-
40DR-05CL-CCF-MEX-TOL-2017-000XX-000,2017 Deportivo Toluca 100th Anniversary Mug,Memorabilia,Drinkware,Club,Deportivo Toluca,2017,-,000,100th Anniversary,Liga MX,Mexico,CONCACAF,-,In-House,-,-,-,-,-,-,-,-,-,-,-
40DR-05CL-CCF-MEX-TOL-2025-000XX-000,2025-26 Deportivo Toluca Bottle - Bundle Box,Memorabilia,Drinkware,Club,Deportivo Toluca,2025-26,-,000,Regular,Liga MX,Mexico,CONCACAF,-,In-House,-,-,-,-,-,-,-,-,Bundle Box,-,"Presale bundle (with jersey, in box)"
40DR-05CL-CCF-MEX-TOL-2025-000XX-001,Clausura 2025 Deportivo Toluca Winners Tumbler,Memorabilia,Drinkware,Club,Deportivo Toluca,Clausura 2025,-,001,Winners,Liga MX,Mexico,CONCACAF,-,Norday,-,-,-,-,-,-,-,-,-,-,-
40DR-05CL-CCF-MEX-TOL-2025-000XX-002,Clausura 2025 Deportivo Toluca Winners Beer Can,Memorabilia,Drinkware,Club,Deportivo Toluca,Clausura 2025,-,002,Winners,Liga MX,Mexico,CONCACAF,-,Corona,-,-,-,-,-,-,-,-,-,-,-
40DR-05CL-CCF-MEX-TOL-2017-000XX-001,2017 Deportivo Toluca 100th Anniversary Beer Can,Memorabilia,Drinkware,Club,Deportivo Toluca,2017,-,001,100th Anniversary,Liga MX,Mexico,CONCACAF,-,Corona,-,-,-,-,-,-,-,-,-,-,-
40DR-05CL-CCF-MEX-TOL-2025-000XX-003,Clausura 2025 Deportivo Toluca Winners Stadium Cup,Memorabilia,Drinkware,Club,Deportivo Toluca,Clausura 2025,-,003,Winners,Liga MX,Mexico,CONCACAF,-,In-House,-,-,-,-,-,-,-,-,-,-,-
40DR-05CL-CCF-MEX-TOL-0000-000XX-001,Deportivo Toluca Stadium Cup,Memorabilia,Drinkware,Club,Deportivo Toluca,-,-,001,Regular,Liga MX,Mexico,CONCACAF,-,In-House,-,-,-,-,-,-,-,-,-,-,-
60PA-05CL-CCF-MEX-TOL-2020-000XX-000,Clausura 2020 Deportivo Toluca Season Pass,Memorabilia,Pass,Club,Deportivo Toluca,Clausura 2020,-,000,Regular,Liga MX,Mexico,CONCACAF,-,-,-,-,-,-,-,-,-,-,-,-,-
60PA-05CL-CCF-MEX-TOL-2018-000XX-000,Apertura 2018 Deportivo Toluca Season Pass,Memorabilia,Pass,Club,Deportivo Toluca,Apertura 2018,-,000,Regular,Liga MX,Mexico,CONCACAF,-,-,-,-,-,-,-,-,-,-,-,-,-
60PA-05CL-UEF-GER-DOR-2024-000XX-000,2024-25 Borussia Dortmund Stadiondeckel - Bundle Box,Memorabilia,Pass,Club,Borussia Dortmund,2024-25,-,000,Regular,Bundesliga,Germany,UEFA,-,-,-,-,-,-,-,-,-,-,Bundle Box,-,Adrenalin-Trip bundle
60PA-15EV-CCF-MEX-LMX-2018-000XX-000,Clausura 2018 Liga MX Final Deportivo Toluca vs. Santos Laguna Ticket,Memorabilia,Pass,Event,Deportivo Toluca/Santos Laguna,Clausura 2018,-,000,Matchday,Liga MX,Mexico,CONCACAF,-,-,-,-,-,-,-,-,-,-,-,-,-
60PA-15EV-CCF-MEX-LMX-2017-000XX-000,Clausura 2017 Liga MX Deportivo Toluca vs. Club Puebla Ticket,Memorabilia,Pass,Event,Deportivo Toluca/Club Puebla,Clausura 2017,-,000,Matchday,Liga MX,Mexico,CONCACAF,-,-,-,-,-,-,-,-,-,-,-,-,-
60PA-15EV-CCF-MEX-CMX-2017-000XX-000,Clausura 2017 Copa MX Deportivo Toluca vs. CD Veracruz Ticket,Memorabilia,Pass,Event,Deportivo Toluca/CD Veracruz,Clausura 2017,-,000,Matchday,Copa MX,Mexico,CONCACAF,-,-,-,-,-,-,-,-,-,-,-,-,-
60PA-15EV-CMB-MEX-LIB-2016-000XX-000,2016 Copa CONMEBOL Libertadores Deportivo Toluca vs. CA San Lorenzo Ticket,Memorabilia,Pass,Event,Deportivo Toluca/CA San Lorenzo,2016,-,000,Matchday,Copa CONMEBOL Libertadores,Mexico,CONMEBOL,-,-,-,-,-,-,-,-,-,-,-,-,-
60PA-15EV-CCF-MEX-CNL-2019-000XX-000,2019-20 CONCACAF Nations League Mexico vs. Bermuda Matchday Ticket,Memorabilia,Pass,Event,Mexico/Bermuda,2019-20,-,000,Matchday,CONCACAF Nations League,Mexico,CONCACAF,-,-,-,-,-,-,-,-,-,-,-,-,-
60PA-15EV-XXX-MEX-XXX-2017-000XX-000,2017 Deportivo Toluca vs. Atlético Madrid Ticket,Memorabilia,Pass,Event,Deportivo Toluca/Atlético Madrid,2017,-,000,Matchday,-,Mexico,-,-,-,-,-,-,-,-,-,-,-,-,-,-
50AC-05CL-CCF-MEX-TOL-2018-000XX-000,Apertura 2018 Deportivo Toluca Season Pass Lanyard,Memorabilia,Accessory,Club,Deportivo Toluca,Apertura 2018,-,000,Regular,Liga MX,Mexico,CONCACAF,-,In-House,-,-,-,-,-,-,-,-,-,-,-
50AC-05CL-CCF-MEX-TOL-2020-000XX-000,Clausura 2020 Deportivo Toluca Season Pass Lanyard,Memorabilia,Accessory,Club,Deportivo Toluca,Clausura 2020,-,000,Regular,Liga MX,Mexico,CONCACAF,-,In-House,-,-,-,-,-,-,-,-,-,-,-
50AC-05CL-CCF-MEX-TOL-2019-000XX-000,Clausura 2019 Deportivo Toluca Season Pass Lanyard,Memorabilia,Accessory,Club,Deportivo Toluca,Clausura 2019,-,000,Regular,Liga MX,Mexico,CONCACAF,-,In-House,-,-,-,-,-,-,-,-,-,-,-
50AC-05CL-CCF-MEX-TOL-2019-000XX-001,Apertura 2019 Deportivo Toluca Keychain,Memorabilia,Accessory,Club,Deportivo Toluca,Apertura 2019,-,001,Regular,Liga MX,Mexico,CONCACAF,-,In-House,-,-,-,-,-,-,-,-,-,-,-
50AC-05CL-UEF-GER-DOR-0000-000XX-000,Borussia Dortmund Stadium 4-Pin Set,Memorabilia,Accessory,Club,Borussia Dortmund,-,-,000,Regular,Bundesliga,Germany,UEFA,-,In-House,-,-,-,-,-,-,-,-,-,-,-
50AC-05CL-UEF-GER-DOR-2016-000XX-000,2016-17 Borussia Dortmund DBF-Pokal Winners Pin,Memorabilia,Accessory,Club,Borussia Dortmund,2016-17,-,000,Winners,DFB-Pokal,Germany,UEFA,-,In-House,-,-,-,-,-,-,-,-,-,-,-
50AC-20BR-UEF-GER-DEU-0000-000XX-000,"Deutsches Fußballmuseum ""Trikot 1954"" Magnet",Memorabilia,Accessory,Brand,-,-,-,000,Regular,-,Germany,UEFA,-,Deutsches Fußballmuseum,-,-,-,-,-,-,-,-,-,-,-
50AC-20BR-UEF-GER-DEU-0000-000XX-001,Deutsches Fußballmuseum Shoe Keychain,Memorabilia,Accessory,Brand,-,-,-,001,Regular,-,Germany,UEFA,-,Deutsches Fußballmuseum,-,-,-,-,-,-,-,-,-,-,-
55ST-05CL-UEF-GER-DOR-2024-000XX-000,2024-25 Borussia Dortmund Mitgliedermagazin (February 2025) - Bundle Box,Memorabilia,Stationery,Club,Borussia Dortmund,2024-25,-,000,Regular,Bundesliga,Germany,UEFA,-,In-House,-,-,-,-,-,-,-,-,Bundle Box,-,Adrenalin-Trip bundle
55ST-05CL-UEF-GER-DOR-0000-000XX-000,Borussia Dortmund Postcard (Signed by Kevin Großkreutz),Memorabilia,Stationery,Club,Borussia Dortmund,-,-,000,Regular,Bundesliga,Germany,UEFA,-,In-House,-,-,-,-,-,-,-,-,-,Kevin Großkreutz,-
55ST-05CL-UEF-GER-DOR-2024-000XX-001,"2024 Borussia Dortmund Borusseum ""Marco Reus Farewell"" Postcard",Memorabilia,Stationery,Club,Borussia Dortmund,2024,-,001,Regular,Bundesliga,Germany,UEFA,-,Borusseum,-,-,-,Marco Reus,-,-,-,-,-,-,-
55ST-05CL-UEF-GER-DOR-1913-000XX-000,"1913 Borussia Dortmund Borusseum ""Jung-Borussen"" Postcard",Memorabilia,Stationery,Club,Borussia Dortmund,1913,-,000,Regular,Bundesliga,Germany,UEFA,-,Borusseum,-,-,-,-,-,-,-,-,-,-,-
55ST-05CL-UEF-GER-DOR-0000-000XX-001,"Borussia Dortmund Borusseum ""Drei Borussen im Widerstand"" Magazine",Memorabilia,Stationery,Club,Borussia Dortmund,-,-,001,Regular,Bundesliga,Germany,UEFA,-,Borusseum,-,-,-,-,-,-,-,-,-,-,-
55ST-15EV-XXX-MEX-XXX-2022-000XX-000,2022 Deportivo Toluca vs. Bayer 04 Leverkusen Sticker,Memorabilia,Stationery,Event,Deportivo Toluca/Bayer 04 Leverkusen,2022,-,000,Matchday,-,Mexico,-,-,In-House,-,-,-,-,-,-,-,-,-,-,Gifted during the Deportivo Toluca vs Bayer Leverkusen commemorative match
45DI-15EV-UEF-GER-BUN-0000-000XX-000,DFB Bundesliga Championship Trophy Miniature - 70mm,Memorabilia,Display,Event,-,-,-,000,Regular,Bundesliga,Germany,UEFA,-,In-House,-,-,-,-,-,-,-,-,-,-,-
45DI-05CL-UEF-SPA-RMA-0000-000XX-000,Real Madrid Santiago Bernabéu Stadium Crystal Block,Memorabilia,Display,Club,Real Madrid,-,-,000,Regular,La Liga,Spain,UEFA,-,In-House,-,-,-,-,-,-,-,-,-,-,-
55ST-15EV-FIF-XXX-WOR-2010-000XX-000,2010 FIFA World Cup Sticker Album (Complete),Memorabilia,Stationery,Event,-,2010,-,000,Regular,FIFA World Cup,-,FIFA,-,Panini,-,-,-,-,-,-,-,-,-,-,Complete
55ST-15EV-FIF-XXX-WOR-2014-000XX-000,2014 FIFA World Cup Sticker Album (Complete),Memorabilia,Stationery,Event,-,2014,-,000,Regular,FIFA World Cup,-,FIFA,-,Panini,-,-,-,-,-,-,-,-,-,-,Complete
55ST-15EV-UEF-XXX-CHA-2010-000XX-000,2010-11 UEFA Champions League Sticker Album (Incomplete),Memorabilia,Stationery,Event,-,2010-11,-,000,Regular,UEFA Champions League,-,UEFA,-,Panini,-,-,-,-,-,-,-,-,-,-,Incomplete (Missing X stickers)
55ST-15EV-CCF-MEX-LMX-2010-000XX-000,Apertura 2010 Liga MX Sticker Album (Incomplete),Memorabilia,Stationery,Event,-,Apertura 2010,-,000,Regular,Liga MX,Mexico,CONCACAF,-,Panini,-,-,-,-,-,-,-,-,-,-,Incomplete (Missing X stickers)
55ST-05CL-CCF-MEX-TOL-2017-000XX-000,2017 Deportivo Toluca 100th Anniversary Sticker Album (Incomplete),Memorabilia,Stationery,Club,Deportivo Toluca,2017,-,000,100th Anniversary,Liga MX,Mexico,CONCACAF,-,In-House,-,-,-,-,-,-,-,-,-,-,Incomplete (Missing X stickers)
05HO-05CL-CCF-MEX-TOL-0000-065LF-000,"Deportivo Toluca ""Devil"" Third-Party Hoddie",Apparel,Hoddie,Club,Deportivo Toluca,-,Lifestyle,000,-,Liga MX,Mexico,CONCACAF,-,Third-Party,-,-,-,-,-,-,-,-,-,-,-
65PH-25PE-CCF-MEX-TOL-2020-120DP-000,2020 Deportivo Toluca Gastón Sauro Digital Photo,Memorabilia,Photo,Person,Deportivo Toluca,2020,Digital Photo,000,-,Liga MX,Mexico,CONCACAF,-,-,-,-,-,Gastón Sauro,-,-,-,-,-,-,-
65PH-25PE-CCF-MEX-TOL-2020-120DP-001,2020 Deportivo Toluca Santiago García Digital Photo,Memorabilia,Photo,Person,Deportivo Toluca,2020,Digital Photo,001,-,Liga MX,Mexico,CONCACAF,-,-,-,-,-,Santiago García,-,-,-,-,-,-,-
65PH-25PE-CCF-MEX-TOL-2020-120DP-002,2020 Deportivo Toluca Leonardo Fernández Digital Photo,Memorabilia,Photo,Person,Deportivo Toluca,2020,Digital Photo,002,-,Liga MX,Mexico,CONCACAF,-,-,-,-,-,Leonardo Fernández,-,-,-,-,-,-,-
65PH-25PE-CCF-MEX-TOL-2020-120DP-003,2020 Deportivo Toluca Rodrigo Salinas Digital Photo,Memorabilia,Photo,Person,Deportivo Toluca,2020,Digital Photo,003,-,Liga MX,Mexico,CONCACAF,-,-,-,-,-,Rodrigo Salinas,-,-,-,-,-,-,-
65PH-25PE-CCF-MEX-TOL-2020-120DP-004,2020 Deportivo Toluca Alexis Canelo Digital Photo,Memorabilia,Photo,Person,Deportivo Toluca,2020,Digital Photo,004,-,Liga MX,Mexico,CONCACAF,-,-,-,-,-,Alexis Canelo,-,-,-,-,-,-,-
65PH-25PE-CCF-MEX-TOL-2020-120DP-005,2020 Deportivo Toluca Luis Garcia Palomera Digital Photo,Memorabilia,Photo,Person,Deportivo Toluca,2020,Digital Photo,005,-,Liga MX,Mexico,CONCACAF,-,-,-,-,-,Luis Garcia Palomera,-,-,-,-,-,-,-
65PH-25PE-CCF-MEX-TOL-2020-120DP-006,2020 Deportivo Toluca Luis Donaldo Hernández Digital Photo,Memorabilia,Photo,Person,Deportivo Toluca,2020,Digital Photo,006,-,Liga MX,Mexico,CONCACAF,-,-,-,-,-,Luis Donaldo Hernández,-,-,-,-,-,-,-
65PH-25PE-CCF-MEX-TOL-2020-120DP-007,2020 Deportivo Toluca Felipe Pardo Digital Photo,Memorabilia,Photo,Person,Deportivo Toluca,2020,Digital Photo,007,-,Liga MX,Mexico,CONCACAF,-,-,-,-,-,Felipe Pardo,-,-,-,-,-,-,-
65PH-25PE-CCF-MEX-TOL-2020-120DP-008,2020 Deportivo Toluca Adrián Mora Digital Photo,Memorabilia,Photo,Person,Deportivo Toluca,2020,Digital Photo,008,-,Liga MX,Mexico,CONCACAF,-,-,-,-,-,Adrián Mora,-,-,-,-,-,-,-
65PH-25PE-CCF-MEX-TOL-2020-120DP-009,2020 Deportivo Toluca Javier Güémez Digital Photo,Memorabilia,Photo,Person,Deportivo Toluca,2020,Digital Photo,009,-,Liga MX,Mexico,CONCACAF,-,-,-,-,-,Javier Güémez,-,-,-,-,-,-,-
65PH-25PE-CCF-MEX-TOL-2020-120DP-010,2020 Deportivo Toluca Emmanuel Gigliotti Digital Photo,Memorabilia,Photo,Person,Deportivo Toluca,2020,Digital Photo,010,-,Liga MX,Mexico,CONCACAF,-,-,-,-,-,Emmanuel Gigliotti,-,-,-,-,-,-,-
65PH-25PE-CCF-MEX-TOL-2020-120DP-011,2020 Deportivo Toluca Richard Ruíz Digital Photo,Memorabilia,Photo,Person,Deportivo Toluca,2020,Digital Photo,011,-,Liga MX,Mexico,CONCACAF,-,-,-,-,-,Richard Ruíz,-,-,-,-,-,-,-
65PH-25PE-CCF-MEX-TOL-2020-120DP-012,2020 Deportivo Toluca Diego Rigonato Digital Photo,Memorabilia,Photo,Person,Deportivo Toluca,2020,Digital Photo,012,-,Liga MX,Mexico,CONCACAF,-,-,-,-,-,Diego Rigonato,-,-,-,-,-,-,-
65PH-25PE-CCF-MEX-TOL-2020-120DP-013,2020 Deportivo Toluca Jonathan Maidana Digital Photo,Memorabilia,Photo,Person,Deportivo Toluca,2020,Digital Photo,013,-,Liga MX,Mexico,CONCACAF,-,-,-,-,-,Jonathan Maidana,-,-,-,-,-,-,-
65PH-25PE-CCF-MEX-TOL-2020-120DP-014,2020 Deportivo Toluca William Fernando da Silva Digital Photo,Memorabilia,Photo,Person,Deportivo Toluca,2020,Digital Photo,014,-,Liga MX,Mexico,CONCACAF,-,-,-,-,-,William Fernando da Silva,-,-,-,-,-,-,-
65PH-25PE-CCF-MEX-TOL-2020-120DP-015,2020 Deportivo Toluca Aníbal Chalá Digital Photo,Memorabilia,Photo,Person,Deportivo Toluca,2020,Digital Photo,015,-,Liga MX,Mexico,CONCACAF,-,-,-,-,-,Aníbal Chalá,-,-,-,-,-,-,-
65PH-25PE-CCF-MEX-TOL-2020-120DP-016,2020 Deportivo Toluca Sinha and Francisco Suinaga Digital Photo,Memorabilia,Photo,Person,Deportivo Toluca,2020,Digital Photo,016,-,Liga MX,Mexico,CONCACAF,-,-,-,-,-,Sinha/Francisco Suinaga,-,-,-,-,-,-,-
65PH-25PE-XXX-XXX-XXX-2023-120DP-000,2023 Jorge Pietrasanta Digital Photo,Memorabilia,Photo,Person,-,2023,Digital Photo,000,-,-,-,-,-,-,-,-,-,Jorge Pietrasanta,-,-,-,-,-,-,-
65PH-25PE-XXX-XXX-XXX-2018-120DP-000,2018 Francisco Fonseca Digital Photo,Memorabilia,Photo,Person,-,2018,Digital Photo,000,-,-,-,-,-,-,-,-,-,Francisco Fonseca,-,-,-,-,-,-,-
65PH-25PE-XXX-XXX-XXX-2018-120DP-001,2018 Ignacio Alva Digital Photo,Memorabilia,Photo,Person,-,2018,Digital Photo,001,-,-,-,-,-,-,-,-,-,Ignacio Alva,-,-,-,-,-,-,-
65PH-25PE-XXX-XXX-XXX-2018-120DP-002,2018 Juan Dosal Digital Photo,Memorabilia,Photo,Person,-,2018,Digital Photo,002,-,-,-,-,-,-,-,-,-,Juan Dosal,-,-,-,-,-,-,-
65PH-25PE-UEF-GER-DOR-2025-120DP-000,2025 Borussia Dortmund Kevin Großkreutz Digital Photo,Memorabilia,Photo,Person,Borussia Dortmund,2025,Digital Photo,000,-,Bundesliga,Germany,UEFA,-,-,-,-,-,Kevin Großkreutz,-,-,-,-,-,-,-
65PH-25PE-UEF-GER-LEV-2022-120DP-000,2022 Bayer 04 Leverkusen Jonathan Tah Digital Photo,Memorabilia,Photo,Person,Bayer 04 Leverkusen,2022,Digital Photo,000,-,Bundesliga,Germany,UEFA,-,-,-,-,-,Jonathan Tah,-,-,-,-,-,-,-
65PH-25PE-UEF-GER-LEV-2022-120DP-001,2022 Bayer 04 Leverkusen Stefan Kießling Digital Photo,Memorabilia,Photo,Person,Bayer 04 Leverkusen,2022,Digital Photo,001,-,Bundesliga,Germany,UEFA,-,-,-,-,-,Stefan Kießling,-,-,-,-,-,-,-
65PH-25PE-CCF-MEX-TOL-2025-120DP-000,2025 Deportivo Toluca Marcel Ruiz Digital Photo,Memorabilia,Photo,Person,Deportivo Toluca,2025,Digital Photo,000,-,Liga MX,Mexico,CONCACAF,-,-,-,-,-,Marcel Ruiz,-,-,-,-,-,-,-
40DR-05CL-XXX-MEX-CUE-2019-000XX-000,2019 Club de Cuervos Winners Beer Can,Memorabilia,Drinkware,Club,Club de Cuervos,2019,-,000,Winners,-,Mexico,-,-,Corona,-,-,-,-,-,-,-,-,-,-,-