ID,Display Name,Category,Product,Artist,Title,Label,Packaging,Format,Year,Signed By,Numbered,Notes
001,Above & Beyond - Bigger Than All Of Us (Vinyl),Media,Vinyl,Above & Beyond,Bigger Than All Of Us,Anjunabeats,Gatefold,2xLP,2025,-,-,-
002,Above & Beyond - Common Ground (CD),Media,CD,Above & Beyond,Common Ground,Anjunabeats,Digipak,1xCD,2018,-,-,-
003,Above & Beyond - Flow State (CD),Media,CD,Above & Beyond,Flow State,Anjunabeats,Digipak,1xCD,2019,-,-,-
004,Anyma - Genesys (Vinyl),Media,Vinyl,Anyma,Genesys,"Afterlife, Interscope Records",Gatefold,2xLP,2023,-,-,-
005,Alesso - Forever (CD),Media,CD,Alesso,Forever,"Def Jam Recordings, Virgin, Refune Records",Jewel Case,1xCD,2015,-,-,-
006,Anyma - The End of Genesys (Vinyl),Media,Vinyl,Anyma,The End of Genesys,Interscope Records,Gatefold,2xLP,2025,-,-,-
007,AREA21 - Greatest Hits Vol. 1 (Vinyl),Media,Vinyl,AREA21,Greatest Hits Vol. 1,Hollywood Records,Gatefold,1xLP,2022,-,-,-
008,Andrew Rayel - Find Your Harmony (CD),Media,CD,Andrew Rayel,Find Your Harmony,Armada Music,Jewel Case,1xCD,2014,-,-,-
009,Avaion - To Make People Happy (Vinyl),Media,Vinyl,Avaion,To Make People Happy,Rca Local,Gatefold,1xLP,2026,-,-,-
010,Avicii - Stories (Vinyl),Media,Vinyl,Avicii,Stories,"PRMD, Island Records",Gatefold,2xLP,2023,-,-,-
011,Andrew Rayel - Moments (CD),Media,CD,Andrew Rayel,Moments,Armada Music,Jewel Case,1xCD,2017,-,-,-
012,Armin van Buuren - Balance (CD),Media,CD,Armin van Buuren,Balance,Armada Music,Boxset,2xCD,2019,-,-,-
013,Avicii - Tim (CD),Media,CD,Avicii,Tim,Geffen Records,Digipak,1xCD,2019,-,-,-
014,Avicii - True (CD),Media,CD,Avicii,True,"PRMD, Universal Music",Jewel Case,1xCD,2013,-,-,-
015,Avicii - True (Avicii By Avicii) (Vinyl),Media,Vinyl,Avicii,True (Avicii By Avicii),"PRMD, Universal Music",Gatefold,2xLP,2023,-,-,-
016,Avicii - True (Vinyl),Media,Vinyl,Avicii,True,"PRMD, Universal Music",Gatefold,1xLP,2016,-,-,-
017,Avicii - Stories (CD),Media,CD,Avicii,Stories,"PRMD, Universal Music Group",Jewel Case,1xCD,2015,-,-,-
018,Avicii - Tim (Vinyl),Media,Vinyl,Avicii,Tim,"Universal Music, Avicii Recordings AB",Gatefold,1xLP,2019,-,-,-
019,Ben Böhmer - Bloom (Vinyl),Media,Vinyl,Ben Böhmer,Bloom,Ninja Tune,Gatefold,2xLP,2024,-,-,-
020,Big Wild - Superdream (Vinyl),Media,Vinyl,Big Wild,Superdream,Counter Records,Standard,1xLP,2022,-,-,-
021,Black Tiger Sex Machine - Once Upon A Time In Cyberworld (Vinyl),Media,Vinyl,Black Tiger Sex Machine,Once Upon A Time In Cyberworld,Kannibalen Records,Gatefold,1xLP,2022,-,-,-
022,Bratty - TRES (Vinyl),Media,Vinyl,Bratty,TRES,Universal Music Group,Standard,1xLP,2024,Bratty,-,-
023,Ben Böhmer - Begin Again (CD),Media,CD,Ben Böhmer,Begin Again,Anjunadeep,Digipak,1xCD,2021,-,-,-
024,BRONSON - Bronson (Vinyl),Media,Vinyl,BRONSON,Bronson,"Ninja Tune, Ninja Tune",Gatefold,1xLP,2020,-,-,-
025,Ben Böhmer - Bloom (CD),Media,CD,Ben Böhmer,Bloom,Ninja Tune,Digipak,1xCD,2024,-,-,-
026,Camelphat - Dark Matter (Vinyl),Media,Vinyl,Camelphat,Dark Matter,"RCA, Sony Music",Trifold,3xLP,2020,-,-,-
027,Ben Frost - Dark: Cycle 1 (Original Music From The Netflix Series) (CD),Media,CD,Ben Frost,Dark: Cycle 1 (Original Music From The Netflix Series),"Lakeshore Records, Invada",Digipak,1xCD,2019,-,-,-
028,Ben Frost - Dark: Cycle 2 (Original Music From The Netflix Series) (CD),Media,CD,Ben Frost,Dark: Cycle 2 (Original Music From The Netflix Series),"Lakeshore Records, Invada",Digipak,1xCD,2019,-,-,-
029,Charlotte De Witte - Apollo EP (Vinyl),Media,Vinyl,Charlotte De Witte,Apollo EP,KNTXT,Standard,1xLP,2022,-,-,-
030,Charlotte De Witte - Charlotte De Witte (Vinyl),Media,Vinyl,Charlotte De Witte,Charlotte De Witte,KNTXT,Gatefold,2xLP,2025,-,-,-
031,Bratty - TRES (CD),Media,CD,Bratty,TRES,"Universal Music Group México, S.A. de C.V.",Jewel Case,1xCD,2023,-,-,-
032,Claptone - Closer (Vinyl),Media,Vinyl,Claptone,Closer,Different,Gatefold + Slipcase,2xLP,2021,-,No. 206/500,-
033,Bratty - Tdbn Deluxe (CD),Media,CD,Bratty,Tdbn Deluxe,"Universal Music Group, EMI",Digipak,1xCD,2021,-,-,-
034,BRONSON - Bronson (CD),Media,CD,BRONSON,Bronson,Ninja Tune,Digipak,1xCD,2020,-,-,-
035,Calvin Harris - Motion (CD),Media,CD,Calvin Harris,Motion,"Columbia, Fly Eye, Sony Music",Jewel Case,1xCD,2014,-,-,-
036,Camelphat - Dark Matter (CD),Media,CD,Camelphat,Dark Matter,"RCA, Sony Music",Jewel Case,2xCD,2020,-,-,-
037,Daft Punk - Random Access Memories (CD),Media,CD,Daft Punk,Random Access Memories,"Columbia, Sony Music",Jewel Case,1xCD,2013,-,-,-
038,DJ Tiësto - A Town Called Paradise (CD),Media,CD,DJ Tiësto,A Town Called Paradise,"PM:AM Recordings, Musical Freedom, Universal Music",Jewel Case,1xCD,2014,-,-,-
039,Galantis - Pharmacy (CD),Media,CD,Galantis,Pharmacy,"Big Beat, Atlantic",Digipak,1xCD,2015,-,-,-
040,Galantis - The Aviary (CD),Media,CD,Galantis,The Aviary,"Big Beat, Atlantic",Digipak,1xCD,2017,-,-,-
041,Claptone - Fantast (Vinyl),Media,Vinyl,Claptone,Fantast,Different,Gatefold,2xLP,2018,-,-,-
042,Gareth Emery - 100 Reasons To Live (CD),Media,CD,Gareth Emery,100 Reasons To Live,Garuda,Digipak,1xCD,2016,-,-,-
043,Gareth Emery - Drive (CD),Media,CD,Gareth Emery,Drive,"Onelove, Garuda",Jewel Case,1xCD,2014,-,-,-
044,Gareth Emery | Ashley Wallbridge - Kingdom United (CD),Media,CD,Gareth Emery | Ashley Wallbridge,Kingdom United,Garuda,Jewel Case,1xCD,2019,-,-,-
045,Dabin - Wild Youth Deluxe (Vinyl),Media,Vinyl,Dabin,Wild Youth Deluxe,Seeking Blue,Gatefold + Slipcase,2xLP,2021,-,-,-
046,deadmau5 - > Album Title Goes Here < (Vinyl),Media,Vinyl,deadmau5,> Album Title Goes Here <,"Mau5trap Recordings, EMI, Universal Music Recordings",Gatefold,2xLP,2024,-,-,-
047,Enrico Sangiuliano - Biomorph (Vinyl),Media,Vinyl,Enrico Sangiuliano,Biomorph,Drumcode,Trifold,2xLP,2018,-,-,-
048,Flume - Palaces (Vinyl),Media,Vinyl,Flume,Palaces,"Future Classic, Transgressive Records",Standard,1xLP,2022,-,-,-
049,Flume - Skin (Vinyl),Media,Vinyl,Flume,Skin,Mom + Pop,Gatefold,2xLP,2017,-,-,-
050,Flux Pavilion - .wav (Vinyl),Media,Vinyl,Flux Pavilion,.wav,Circus Records,Gatefold,2xLP,2021,-,-,-
051,Gorgon City - Olympia (CD),Media,CD,Gorgon City,Olympia,"Positiva, EMI, Positiva, EMI",Digipak,1xCD,2021,-,-,-
052,Hardwell - Hardwell Presents Revealed Volume 7 (CD),Media,CD,Hardwell,Hardwell Presents Revealed Volume 7,Cloud 9 Dance,Jewel Case,1xCD,2016,-,-,-
053,Fred again.. - Ten Days (Vinyl),Media,Vinyl,Fred again..,Ten Days,"Atlantic, Atlantic",Gatefold,1xLP,2025,-,-,-
054,Fred again.. - USB001 (Vinyl),Media,Vinyl,Fred again..,USB001,Warner Music UK Ltd.,Gatefold,2xLP,2024,-,-,-
055,Hardwell - Hardwell Presents Revealed Volume 8 (CD),Media,CD,Hardwell,Hardwell Presents Revealed Volume 8,Cloud 9 Dance,Jewel Case,1xCD,2017,-,-,-
056,Hardwell - The Story Of Hardwell (CD),Media,CD,Hardwell,The Story Of Hardwell,Cloud 9 Dance,Jewel Case,2xCD,2020,-,-,-
057,Fred again.. | Brian Eno - Secret Life (Vinyl),Media,Vinyl,Fred again.. | Brian Eno,Secret Life,Text Records,Gatefold,1xLP,2023,-,-,-
058,Hardwell - United We Are (CD),Media,CD,Hardwell,United We Are,"Sony Music, Dance Floor",Digipak,1xCD,2015,-,-,-
059,Galantis - Pharmacy (Vinyl),Media,Vinyl,Galantis,Pharmacy,"Big Beat, Atlantic, Warner Music",Gatefold,2xLP,2023,-,-,-
060,Gryffin - Gravity (Vinyl),Media,Vinyl,Gryffin,Gravity,"Darkroom, Geffen Records",Gatefold,2xLP,2020,-,-,-
061,ILLENIUM - Ascend (CD),Media,CD,ILLENIUM,Ascend,Astralwerks,Digipak,1xCD,2019,-,-,-
062,Jean-Michel Jarre - Equinoxe Infinity (CD),Media,CD,Jean-Michel Jarre,Equinoxe Infinity,Columbia,Digipak,1xCD,2018,-,-,-
063,ILLENIUM - Ascend (Vinyl),Media,Vinyl,ILLENIUM,Ascend,Astralwerks,Standard,2xLP,2019,-,-,-
064,ILLENIUM - Ashes (Vinyl),Media,Vinyl,ILLENIUM,Ashes,"Kasaya Recordings, Seeking Blue",Gatefold,2xLP,2024,-,-,-
065,ILLENIUM - Odyssey (Vinyl),Media,Vinyl,ILLENIUM,Odyssey,Republic Records,Standard,2xLP,2026,-,-,-
066,Jean-Michel Jarre - Oxygene Trilogy (CD),Media,CD,Jean-Michel Jarre,Oxygene Trilogy,"Columbia, Sony Music",Digipak,3xCD,2016,-,-,-
067,Justice - Woman Worldwide (CD),Media,CD,Justice,Woman Worldwide,"Because Music, Ed Banger Records, Genesis",Digipak,2xCD,2018,-,-,-
068,Kasbo - Places We Don't Know (CD),Media,CD,Kasbo,Places We Don't Know,Counter Records,Digipak,1xCD,2018,-,-,-
069,ILLENIUM - Fallen Embers (Deluxe Edition) (Vinyl),Media,Vinyl,ILLENIUM,Fallen Embers (Deluxe Edition),Warner Records,Standard,2xLP,2023,-,-,Record Store Day edition
070,ILLENIUM - ILLENIUM (Vinyl),Media,Vinyl,ILLENIUM,ILLENIUM,Warner Records,Gatefold,2xLP,2023,-,-,-
071,Jai Wolf - The Cure To Loneliness (Vinyl),Media,Vinyl,Jai Wolf,The Cure To Loneliness,Mom + Pop,Standard,1xLP,2019,-,-,-
072,Jamie XX - In Waves (Vinyl),Media,Vinyl,Jamie XX,In Waves,Young,Standard,1xLP,2024,-,-,-
073,John Summit - Comfort In Chaos (Vinyl),Media,Vinyl,John Summit,Comfort In Chaos,"Experts Only, Darkroom",Gatefold,1xLP,2024,-,-,-
074,Jon Hopkins - Singularity (Vinyl),Media,Vinyl,Jon Hopkins,Singularity,Domino,Gatefold,2xLP,2023,-,-,-
075,Justice - Hyperdrama (Vinyl),Media,Vinyl,Justice,Hyperdrama,"Because Music, Ed Banger Records, Genesis, Virgin Music",Gatefold,2xLP,2024,-,-,-
076,Kasbo - The Making Of A Paracosm (CD),Media,CD,Kasbo,The Making Of A Paracosm,Counter Records,Digipak,1xCD,2020,-,-,-
077,Kygo - Cloud Nine (CD),Media,CD,Kygo,Cloud Nine,"Sony Music, RCA, Ultra Music",Digipak,1xCD,2016,-,-,-
078,Kygo - Kids In Love (CD),Media,CD,Kygo,Kids In Love,"Sony Music, Ultra Music",Jewel Case,1xCD,2017,-,-,-
079,Kasbo - Places We Don't Know (Vinyl),Media,Vinyl,Kasbo,Places We Don't Know,Counter Records,Standard,1xLP,2018,-,-,-
080,Kasbo - The Making Of A Paracosm (Vinyl),Media,Vinyl,Kasbo,The Making Of A Paracosm,Counter Records,Gatefold,2xLP,2020,-,-,-
081,Lane 8 - Brightest Lights (CD),Media,CD,Lane 8,Brightest Lights,This Never Happened,Digipak,1xCD,2020,-,-,-
082,Kasbo - The Learning of Urgency (Vinyl),Media,Vinyl,Kasbo,The Learning of Urgency,Foreign Family Collective,Gatefold,1xLP,2024,-,-,-
083,Lost Frequencies - Less Is More (CD),Media,CD,Lost Frequencies,Less Is More,"Sony Music, Armada",Jewel Case,1xCD,2016,-,-,-
084,Kygo - Cloud Nine (Vinyl),Media,Vinyl,Kygo,Cloud Nine,"Sony Music, Ultra Music",Gatefold,2xLP,2016,-,-,-
085,Lane 8 - Brightest Lights (Vinyl),Media,Vinyl,Lane 8,Brightest Lights,This Never Happened,Trifold,2xLP,2025,-,-,-
086,Lane 8 - Childish (Vinyl),Media,Vinyl,Lane 8,Childish,This Never Happened,Gatefold,2xLP,2024,-,-,-
087,Lastlings - First Contact (Vinyl),Media,Vinyl,Lastlings,First Contact,Astralwerks,Standard,1xLP,2020,-,-,-
088,Leaving Laurel - Leaving Laurel (Vinyl),Media,Vinyl,Leaving Laurel,Leaving Laurel,Anjunadeep,Gatefold,2xLP,2021,-,-,-
089,Madeon - Adventure (CD),Media,CD,Madeon,Adventure,"Sony Music, Columbia",Digipak,1xCD,2015,-,-,-
090,Mat Zo - Illusion Of Depth (CD),Media,CD,Mat Zo,Illusion Of Depth,Anjunabeats,Digipak,1xCD,2020,-,-,-
091,Leaving Laurel - When The Quiet Comes (Vinyl),Media,Vinyl,Leaving Laurel,When The Quiet Comes,Anjunadeep,Gatefold,2xLP,2023,-,-,-
092,Lost Frequencies - Less Is More (Vinyl),Media,Vinyl,Lost Frequencies,Less Is More,"Music On Vinyl, Armada",Standard,2xLP,2024,-,-,-
093,Lost Souls Of Saturn - Reality (Vinyl),Media,Vinyl,Lost Souls Of Saturn,Reality,"Holoverse Research Labs, NYC",Standard,1xLP,2024,-,-,-
094,"M83 - Hurry Up, We're Dreaming. (Vinyl)",Media,Vinyl,M83,"Hurry Up, We're Dreaming.",Mute,Standard,2xLP,2020,-,-,-
095,Nsqk - Roy (CD),Media,CD,Nsqk,Roy,Honey Records,Jewel Case,1xCD,2022,-,-,-
096,Madeon - Good Faith (Vinyl),Media,Vinyl,Madeon,Good Faith,Columbia,Gatefold + Slipcase,1xLP,2020,-,-,-
097,Madeon - Adventure (Deluxe) (Vinyl),Media,Vinyl,Madeon,Adventure (Deluxe),Not On Label,Trifold + Slipcase,2xLP,2022,-,-,-
098,Mat Zo - Illusion Of Depth (Vinyl),Media,Vinyl,Mat Zo,Illusion Of Depth,Anjunabeats,Gatefold,2xLP,2020,-,-,-
099,MATHAME - MEMO (Vinyl),Media,Vinyl,MATHAME,MEMO,Astralwerks,Standard,2xLP,2023,-,-,-
100,Monolink - The Beauty Of It All (Vinyl),Media,Vinyl,Monolink,The Beauty Of It All,Embassy One,Gatefold,2xLP,2025,-,-,-
101,Nils Hoffmann - A Radiant Sign (Vinyl),Media,Vinyl,Nils Hoffmann,A Radiant Sign,Anjunadeep,Gatefold,2xLP,2023,-,-,-
102,ODESZA - In Return (10 Year Anniversary Edition) (Vinyl),Media,Vinyl,ODESZA,In Return (10 Year Anniversary Edition),"Counter Records, Foreign Family Collective",Gatefold,2xLP,2024,-,-,-
103,ODESZA - A Moment Apart (Vinyl),Media,Vinyl,ODESZA,A Moment Apart,"Counter Records, Foreign Family Collective",Gatefold,2xLP,2017,-,-,-
104,ODESZA - Summers Gone (Anniversary Edition) (Vinyl),Media,Vinyl,ODESZA,Summers Gone (Anniversary Edition),Foreign Family Collective,Gatefold,"1xLP + 1x7""",2022,-,-,-
105,ODESZA - A Moment Apart (CD),Media,CD,ODESZA,A Moment Apart,"Counter Records, Foreign Family Collective",Digipak,1xCD,2017,-,-,-
106,ODESZA - In Return (CD),Media,CD,ODESZA,In Return,"Counter Records, Ninja Tune",Digipak,1xCD,2014,-,-,-
107,ODESZA - My Friends Never Die (Vinyl),Media,Vinyl,ODESZA,My Friends Never Die,Foreign Family Collective,Standard,1xLP,2018,-,-,-
108,ODESZA - The Last Goodbye (CD),Media,CD,ODESZA,The Last Goodbye,"Ninja Tune, Ninja Tune, Foreign Family Collective, Foreign Family Collective",Digipak,1xCD,2022,-,-,-
109,ODESZA - The Last Goodbye (Vinyl),Media,Vinyl,ODESZA,The Last Goodbye,Ninja Tune,Gatefold,2xLP,2022,-,-,-
110,Petit Biscuit - Presence (CD),Media,CD,Petit Biscuit,Presence,Petit Biscuit Music,Digipak,1xCD,2017,-,-,-
111,ODESZA - The Last Goodbye Tour Live (Vinyl),Media,Vinyl,ODESZA,The Last Goodbye Tour Live,Ninja Tune,Trifold,3xLP,2024,-,-,-
112,ODESZA | Yellow House - Flaws In Our Design (Vinyl),Media,Vinyl,ODESZA | Yellow House,Flaws In Our Design,Ninja Tune,Standard,1xLP,2023,-,-,-
113,"OTR - Be Quiet, They're Listening (Vinyl)",Media,Vinyl,OTR,"Be Quiet, They're Listening",Astralwerks,Gatefold,1xLP,2023,-,-,-
114,Porter Robinson - Worlds (CD),Media,CD,Porter Robinson,Worlds,"Astralwerks, Virgin EMI Records",Jewel Case,1xCD,2014,-,-,-
115,Porter Robinson - Nurture (CD),Media,CD,Porter Robinson,Nurture,Mom + Pop,Digipak,1xCD,2021,-,-,-
116,San Holo - Bb U Ok? (CD),Media,CD,San Holo,Bb U Ok?,bitbird,Digipak,1xCD,2021,-,-,-
117,OTR - Lost At Midnight (Vinyl),Media,Vinyl,OTR,Lost At Midnight,Astralwerks | Universal Music,Standard,1xLP,2020,-,-,-
118,Porter Robinson - Worlds (10th Anniversary Edition) (Vinyl),Media,Vinyl,Porter Robinson,Worlds (10th Anniversary Edition),Astralwerks,Standard,2xLP,2024,-,-,-
119,Porter Robinson - Worlds (Vinyl),Media,Vinyl,Porter Robinson,Worlds,Astralwerks,Standard,2xLP,2014,-,-,-
120,Sub Zero Project - Renaissance Of Rave (CD),Media,CD,Sub Zero Project,Renaissance Of Rave,Dirty Workz,Long Digipak + Slipcase,2xCD,2022,Sub Zero Project,-,-
121,Sub Zero Project - Contagion (CD),Media,CD,Sub Zero Project,Contagion,Dirty Workz,Digipak + Slipcase + Bag,1xCD,2019,Sub Zero Project,-,-
122,Swedish House Mafia - Until Now (CD),Media,CD,Swedish House Mafia,Until Now,EMI,Jewel Case,1xCD,2012,-,-,-
123,Porter Robinson - SMILE! :D (Vinyl),Media,Vinyl,Porter Robinson,SMILE! :D,Mom + Pop,Gatefold,2xLP,2024,-,-,-
124,Porter Robinson - Nurture (Vinyl),Media,Vinyl,Porter Robinson,Nurture,Mom + Pop,Gatefold,2xLP,2021,-,-,-
125,Third Party - Hope (CD),Media,CD,Third Party,Hope,"ProLogic, Sony Music, Armada",Jewel Case,1xCD,2017,-,-,-
126,Third Party - Together (CD),Media,CD,Third Party,Together,Release Records,Digipak,1xCD,2019,-,-,-
127,RAC - Boy (Vinyl),Media,Vinyl,RAC,Boy,Counter Records,Gatefold,2xLP,2020,-,-,-
128,Rezz - Can You See Me? (Vinyl),Media,Vinyl,Rezz,Can You See Me?,HypnoVizion Records,Standard,1xLP,2024,-,-,-
129,Tritonal - Painting With Dreams (CD),Media,CD,Tritonal,Painting With Dreams,Enhanced Recordings,Digipak,1xCD,2016,Tritonal,-,-
130,Rüfüs Du Sol - Surrender (Vinyl),Media,Vinyl,Rüfüs Du Sol,Surrender,"Rose Avenue, Reprise Records",Gatefold,2xLP,2022,-,-,-
131,Rüfüs Du Sol - Bloom (Vinyl),Media,Vinyl,Rüfüs Du Sol,Bloom,"Sweat It Out!, Leisurely",Standard,2xLP,2022,-,-,-
132,Said The Sky - Closer to the Sun (Vinyl),Media,Vinyl,Said The Sky,Closer to the Sun,Seeking Blue,Gatefold,1xLP,2025,-,-,-
133,Tritonal - U & ME (CD),Media,CD,Tritonal,U & ME,Enhanced Recordings,Digipak,1xCD,2019,Tritonal,-,-
134,Various - Armada 15 Years (CD),Media,CD,Various,Armada 15 Years,Armada Music,Digipak + Slipcase,4xCD,2018,-,-,-
135,Various - Tomorrowland 2015: The Secret Kingdom Of Melodia (CD),Media,CD,Various,Tomorrowland 2015: The Secret Kingdom Of Melodia,CNR Music Belgium NV,Book,3xCD,2015,-,-,-
136,Various - Tomorrowland 2016 - The Elixir Of Life (CD),Media,CD,Various,Tomorrowland 2016 - The Elixir Of Life,CNR Music Belgium NV,Book,3xCD,2016,-,-,-
137,Various - Tomorrowland 2017 - Amicorum Spectaculum (CD),Media,CD,Various,Tomorrowland 2017 - Amicorum Spectaculum,CNR Music Belgium NV,Book,3xCD,2017,-,-,-
138,San Holo - Bb U Ok? (Vinyl),Media,Vinyl,San Holo,Bb U Ok?,bitbird,Standard,2xLP,2021,-,-,-
139,Seven Lions - Ophelia Volume II (Vinyl),Media,Vinyl,Seven Lions,Ophelia Volume II,Ophelia,Boxset,2xLP,2021,-,-,-
140,Skrillex - Quest For Fire (Vinyl),Media,Vinyl,Skrillex,Quest For Fire,"Owsla, Atlantic",Standard,2xLP,2023,-,-,-
141,Various - Tomorrowland 2018 - The Story Of Planaxis (CD),Media,CD,Various,Tomorrowland 2018 - The Story Of Planaxis,CNR Music Belgium NV,Book,3xCD,2018,-,-,-
142,Skrillex - Don’t Get Too Close (Vinyl),Media,Vinyl,Skrillex,Don’t Get Too Close,"Owsla, Atlantic",Standard,1xLP,2023,-,-,-
143,Swedish House Mafia - Paradise Again (Vinyl),Media,Vinyl,Swedish House Mafia,Paradise Again,"Republic Records, Republic Records",Gatefold,2xLP,2023,-,-,-
144,The Midnight - Monsters (Vinyl),Media,Vinyl,The Midnight,Monsters,Counter Records,Gatefold,2xLP,2024,-,-,-
145,Various - Tomorrowland - Music Will Unite Us Forever (10 Years Of Madness) (CD),Media,CD,Various,Tomorrowland - Music Will Unite Us Forever (10 Years Of Madness),ID&T,Book,3xCD,2014,-,-,-
146,The Midnight - Heroes (Vinyl),Media,Vinyl,The Midnight,Heroes,Counter Records,Standard,2xLP,2022,-,-,-
147,Various - Revealed 5 Year Anniversary (CD),Media,CD,Various,Revealed 5 Year Anniversary,"Revealed Recordings, Cloud 9 Dance",Jewel Case,2xCD,2015,-,-,-
148,Various - Peaky Blinders (The Official Soundtrack) (CD),Media,CD,Various,Peaky Blinders (The Official Soundtrack),"UMC, UMC",Jewel Case,2xCD,2019,-,-,-
149,The Midnight - Syndicate (Vinyl),Media,Vinyl,The Midnight,Syndicate,"Ultra Records, Sony Music",Gatefold,2xLP,2025,-,-,-
150,Tritonal - U & Me (Vinyl),Media,Vinyl,Tritonal,U & Me,Enhanced Recordings,Gatefold,2xLP,2019,Tritonal,-,-
151,Tritonal - Coalesce (Vinyl),Media,Vinyl,Tritonal,Coalesce,Enhanced Recordings,Gatefold,2xLP,2022,-,-,-
152,UFO95 - A Brutalist Dystopian Society (Vinyl),Media,Vinyl,UFO95,A Brutalist Dystopian Society,Mord,Standard,2xLP,2024,-,-,-
153,Various - Tomorrowland 2019 - XV Years (CD),Media,CD,Various,Tomorrowland 2019 - XV Years,WeAreOne.World,Book,5xCD,2019,-,-,-
154,Vicetone - Legacy (Vinyl),Media,Vinyl,Vicetone,Legacy,Monstercat,Standard,1xLP,2021,Vicetone,-,-
155,Husman - Rise of the Mad King (USB),Media,USB,Husman,Rise of the Mad King,Armada Digital,Boxset,1xUSB,2019,-,-,Includes art book and thank you card
156,Hardwell - 2 Years as One (Book),Collectibles,Book,Hardwell,2 Years as One,-,-,-,2016,-,-,"By Joep van Aert
360 pages"
157,Porter Robinson - Nurture (Art Book),Collectibles,Book,Porter Robinson,Nurture,-,-,-,-,-,-,-
158,ODESZA - The Last Goodbye VIP Pin Set,Collectibles,Accessory,ODESZA,-,-,-,-,-,-,-,-
159,Kygo - World Tour 2025 LED Wristband,Collectibles,Accessory,Kygo,-,-,-,-,2025,-,-,-
160,Porter Robinson - Pepsi Center WTC Ticket,Collectibles,Pass,Porter Robinson,-,-,-,-,-,-,-,-
161,Tenampa Recordings Iridescent Sticker,Collectibles,Stationery,-,-,Tenampa Recordings,-,-,-,-,-,-
162,Tenampa Recordings Jaguar Sticker,Collectibles,Stationery,-,-,Tenampa Recordings,-,-,-,-,-,-
163,ODESZA - The Last Goodbye Hoodie,Apparel,Hoddie,ODESZA,-,-,-,-,-,-,-,-
164,Porter Robinson DIY Hoodie,Apparel,Hoddie,Porter Robinson,-,-,-,-,-,-,-,-
165,Porter Robinson DIY Long Sleeve Shirt,Apparel,Shirt,Porter Robinson,-,-,-,-,-,-,-,-
166,Porter Robinson DIY Short Sleeve Shirt,Apparel,Shirt,Porter Robinson,-,-,-,-,-,-,-,-