Artist,Packaging,Order,Category,Order,Product,Order,Configuration,Order,Year,Code,Signed By,Format,Order
-,-,000,-,000,-,000,-,000,-,0000,-,-,000
Above & Beyond,Standard Jacket,005,Media,005,Music Release,005,1xUSB,005,2026,7973,Bratty,Vinyl,005
Alesso,Gatefold Jacket,010,Collectibles,010,Book,010,1xLP,010,2025,7974,Sub Zero Project,CD,010
Andrew Rayel,Gatefold Jacket + Slipcase,015,Apparel,015,Accessory,015,"1xLP + 1x7""",015,2024,7975,Tritonal,USB,015
Anyma,Trifold Jacket,020,,,Stationery,020,2xLP,020,2023,7976,Vicetone,Paperback,020
AREA21,Trifold Jacket + Slipcase,025,,,Ticket,025,3xLP,025,2022,7977,,Hardcover,025
Armin van Buuren,Boxset,030,,,Hoddie,030,1xCD,030,2021,7978,,,
Avaion,Jewel Case,035,,,Shirt,035,2xCD,035,2020,7979,,,
Avicii,Digipak,040,,,,,3xCD,040,2019,7980,,,
Ben Böhmer,Digipak + Slipcase,045,,,,,4xCD,050,2018,7981,,,
Ben Frost,Digipak + Slipcase + Bag,050,,,,,5xCD,055,2017,7982,,,
Big Wild,Long Digipak + Slipcase,055,,,,,,,2016,7983,,,
Black Tiger Sex Machine,Book-Style Case,060,,,,,,,2015,7984,,,
Bratty,,,,,,,,,2014,7985,,,
BRONSON,,,,,,,,,2013,7986,,,
Calvin Harris,,,,,,,,,2012,7987,,,
Camelphat,,,,,,,,,,,,,
Charlotte De Witte,,,,,,,,,,,,,
Claptone,,,,,,,,,,,,,
Dabin,,,,,,,,,,,,,
Daft Punk,,,,,,,,,,,,,
deadmau5,,,,,,,,,,,,,
DJ Tiësto,,,,,,,,,,,,,
Enrico Sangiuliano,,,,,,,,,,,,,
Flume,,,,,,,,,,,,,
Flux Pavilion,,,,,,,,,,,,,
Fred again..,,,,,,,,,,,,,
Fred again.. | Brian Eno,,,,,,,,,,,,,
Galantis,,,,,,,,,,,,,
Gareth Emery,,,,,,,,,,,,,
Gareth Emery | Ashley Wallbridge,,,,,,,,,,,,,
Gorgon City,,,,,,,,,,,,,
Gryffin,,,,,,,,,,,,,
Hardwell,,,,,,,,,,,,,
Husman,,,,,,,,,,,,,
ILLENIUM,,,,,,,,,,,,,
Jai Wolf,,,,,,,,,,,,,
Jamie XX,,,,,,,,,,,,,
Jean-Michel Jarre,,,,,,,,,,,,,
John Summit,,,,,,,,,,,,,
Jon Hopkins,,,,,,,,,,,,,
Justice,,,,,,,,,,,,,
Kasbo,,,,,,,,,,,,,
Kygo,,,,,,,,,,,,,
Lane 8,,,,,,,,,,,,,
Lastlings,,,,,,,,,,,,,
Leaving Laurel,,,,,,,,,,,,,
Lost Frequencies,,,,,,,,,,,,,
Lost Souls Of Saturn,,,,,,,,,,,,,
M83,,,,,,,,,,,,,
Madeon,,,,,,,,,,,,,
Mat Zo,,,,,,,,,,,,,
MATHAME,,,,,,,,,,,,,
Monolink,,,,,,,,,,,,,
Nils Hoffmann,,,,,,,,,,,,,
Nsqk,,,,,,,,,,,,,
ODESZA,,,,,,,,,,,,,
ODESZA | Yellow House,,,,,,,,,,,,,
OTR,,,,,,,,,,,,,
Petit Biscuit,,,,,,,,,,,,,
Porter Robinson,,,,,,,,,,,,,
RAC,,,,,,,,,,,,,
Rezz,,,,,,,,,,,,,
Rüfüs Du Sol,,,,,,,,,,,,,
Said The Sky,,,,,,,,,,,,,
San Holo,,,,,,,,,,,,,
Seven Lions,,,,,,,,,,,,,
Skrillex,,,,,,,,,,,,,
Sub Zero Project,,,,,,,,,,,,,
Swedish House Mafia,,,,,,,,,,,,,
The Midnight,,,,,,,,,,,,,
Third Party,,,,,,,,,,,,,
Tritonal,,,,,,,,,,,,,
UFO95,,,,,,,,,,,,,
Various,,,,,,,,,,,,,
Vicetone,,,,,,,,,,,,,